layer,head,mean_gap,p99,p999,cum4,cum8,cum16,cum32
0,0,724.2869760514968,35,40,0.5463882326762716,0.6694681147278145,0.8404059556728594,0.9811361242339397
0,1,916.5346159596011,37,40,0.554301659435971,0.6523945528323417,0.7961233016138466,0.9638343922446201
0,2,949.6628643678665,33,39,0.7207411083761854,0.7993954477876163,0.9027224162466538,0.9891574842509144
0,3,270.5856948809379,16,31,0.9482678639593133,0.9740025683136804,0.9908301209865308,0.9992451661326245
0,4,666.7631025477576,36,39,0.475728713627671,0.6355346637834178,0.8334360437585386,0.9783620037206114
0,5,900.6457434952584,26,37,0.84195394988603,0.9179855952032183,0.9704266286350429,0.9968958900806607
0,6,764.0278167462532,34,39,0.5968147190283108,0.7447643535606508,0.8832148971925606,0.9871252055548002
0,7,956.6113299980524,34,38,0.506342195420266,0.6677504133334249,0.8486087274458508,0.9844085469390128
0,8,745.3292458795985,25,37,0.856069871092319,0.913449617158735,0.9662919671808772,0.997122584804764
0,9,843.1739222843848,36,40,0.3606995126078561,0.520270948083158,0.7630619965048883,0.9775480609966267
0,10,763.6881851603163,31,38,0.8689870248091491,0.904799126225008,0.9466195476681056,0.9931601938856971
0,11,683.7999236271467,36,39,0.37631938324890596,0.5509697442219339,0.7713314061432901,0.9700978643006944
0,12,399.76975068250147,21,34,0.91153396653912,0.9516812207147446,0.9812221612797997,0.9987191959736914
0,13,1018.1001692436246,37,40,0.5508032841043798,0.670042692981581,0.8312731221801202,0.9711048978749208
0,14,942.4325706361083,32,39,0.649812428116881,0.7652079861420801,0.9033084856157303,0.9901468055622249
0,15,232.1910762540544,9,25,0.9740507913271118,0.9884459119338762,0.9961794067582433,0.9998362827941183
0,16,751.3197810874224,34,40,0.7909090799320543,0.8502167440262454,0.9131860220603678,0.984827376489358
0,17,876.8480998351339,33,39,0.646109410263486,0.7620848744652332,0.8837543533103471,0.9878966482326739
0,18,449.8200768491133,24,36,0.9282065990958267,0.9536080004324782,0.9788451176803452,0.9970589169306247
0,19,282.73237110763876,29,39,0.8418028148686932,0.9047351532975568,0.9566848760363422,0.9944260656784888
0,20,944.5908773941234,35,40,0.6263511779858711,0.7510322021360867,0.8929765393617916,0.9846961197612415
0,21,1008.02124476313,35,40,0.6516723331483267,0.7878424230685444,0.8837857698344848,0.9827911735188877
0,22,915.6089836622662,29,37,0.5389418261045247,0.7860865783842641,0.9356722273223783,0.9953649626019119
0,23,947.0184783241921,34,39,0.49070794546366503,0.6941669147171564,0.8801137646269206,0.9865603722747638
0,24,961.1545153198472,34,38,0.5077629641028479,0.6744164420977661,0.8570792666418859,0.9847718874429513
0,25,132.1236036825135,5,18,0.9895922746007408,0.9961623473353904,0.9987872525338599,0.9999289856378467
0,26,708.4765751871471,35,39,0.6471639867967165,0.7477185205933494,0.8579501947852011,0.9789535265776518
0,27,908.9054093684151,30,37,0.35231570783719396,0.5922132356095177,0.8830956297598381,0.9942871744813324
0,28,826.1175753974735,34,39,0.7408473985261604,0.8177608058912703,0.906859539548356,0.9866304653894076
0,29,121.50068859140026,9,23,0.9803767749512422,0.9895077375868006,0.9969209894045478,0.9998197330345212
0,30,975.5215799774686,34,39,0.32658603921029045,0.5375993530739915,0.7831782684248717,0.982622091202426
0,31,970.4463658471716,35,39,0.44702329709014077,0.6093533395224083,0.8164800308896903,0.9808623576136666
1,0,540.6331374431184,25,33,0.8470175748168693,0.9019322358377598,0.9601768301719691,0.9988045160237938
1,1,476.0031452235993,24,34,0.8364333671766269,0.907679970085031,0.9648555570989809,0.9985672921494938
1,2,130.23810952538503,5,16,0.9874828638335497,0.9956323937912853,0.999096213008647,0.9999895494974936
1,3,506.43151438116564,13,21,0.910119778544938,0.9706951553072546,0.9971665724547264,0.9999226824391285
1,4,693.2796557986496,25,35,0.740391616473561,0.8639698542720046,0.9536916458878618,0.9983842386983726
1,5,463.5717086068821,19,31,0.8770212435752244,0.9408183524591633,0.9845908670563215,0.9993043861930461
1,6,684.88361495185,26,35,0.7463134569619063,0.8431282819945457,0.9487937269123206,0.9982204738521822
1,7,564.7672104860496,26,36,0.6908032925453493,0.8278851983144753,0.9427036409277207,0.9971390649784374
1,8,1022.7507203404147,29,38,0.7134133020132204,0.8316911551878088,0.9334383645389928,0.9946331305917302
1,9,792.992340596249,33,38,0.39032911723574043,0.586075252536765,0.8345855051169456,0.9876027916002701
1,10,704.7022412826054,25,35,0.8488761593017509,0.9030924122202254,0.9617977702586894,0.9982523525947001
1,11,1053.2493305160651,21,36,0.9431045138423326,0.9661090883564604,0.9842635635220652,0.9980063385727062
1,12,135.27452614721528,5,12,0.985548236668784,0.9968450254160374,0.9999299496655565,0.9999984003816359
1,13,962.3690203671813,32,38,0.4852698683974629,0.696492681277238,0.8906381902733903,0.9917761959381609
1,14,626.4771716766952,23,31,0.6646514834117332,0.8239132831296571,0.9611378572132256,0.9992420919072165
1,15,737.422192340442,28,35,0.7012333719465075,0.8068884764686888,0.9297167252222415,0.997104182262797
1,16,740.6376472169087,28,37,0.7034365649364428,0.8125328924771335,0.9370097267725958,0.996511787153095
1,17,347.0579829485084,6,19,0.9836586348205971,0.9952174312908132,0.9986500196975724,0.9998595646867814
1,18,353.67285700849436,23,36,0.8962996432207442,0.9465287557748742,0.978608583199739,0.9978341655223304
1,19,611.6972495673308,26,35,0.7834796355947513,0.8669421767760509,0.956121713210787,0.9983596269382228
1,20,790.1112167174501,28,38,0.7107260436934583,0.8457907449413187,0.9488103206353878,0.9956907171908008
1,21,211.6814209404726,7,16,0.9732101782662947,0.9925014147687821,0.9991449191590869,0.999982641707145
1,22,86.4410630353776,9,22,0.979502665261648,0.9888007689297469,0.9968866252769552,0.999959632013474
1,23,458.4778506141656,12,30,0.963108658592439,0.9829759716881283,0.9938947853182618,0.99929003164987
1,24,770.4614978659424,27,36,0.7226774720658625,0.8276454994410475,0.9442368482440845,0.9969854714046694
1,25,332.0087930849552,18,32,0.936820421516518,0.9682091634328794,0.9885951435566075,0.9990714522719316
1,26,804.8584876577786,20,32,0.8878007937179004,0.9500849651375999,0.9849508088614811,0.999041707713752
1,27,788.0640422031152,23,35,0.8125587283917649,0.8863896530078378,0.9673379601491584,0.998345957984598
1,28,917.0186814604401,26,36,0.7808858788874262,0.865699441691617,0.9628745207267695,0.9971484863239277
1,29,834.2820523375608,29,37,0.5895274648844299,0.7632042602497249,0.9159875975635778,0.9958484515297059
1,30,315.4114246417058,12,26,0.9606826783304927,0.9818688495368464,0.9952314995521209,0.9996686073412483
1,31,663.8446868799763,18,26,0.8517814872081573,0.9294477059643029,0.9866437387249004,0.9998969219371434
2,0,1702.267487412779,13,24,0.9369280499489824,0.9712840762737428,0.9959370692195414,0.999803324212119
2,1,1607.4845957450623,10,20,0.9346531787355551,0.9823699201629857,0.9982475546833416,0.9998337617600479
2,2,1584.8184771944118,14,26,0.9200953133706592,0.9664847552747472,0.9951395576123455,0.9998653537501483
2,3,1630.5245096698459,11,26,0.9783787955006705,0.9865585439361644,0.9949909653033774,0.9997683388318566
2,4,1571.9486702352267,17,30,0.9448004619641318,0.9683168666818505,0.988851871637528,0.999455485188678
2,5,1682.92568312111,13,23,0.950154013837463,0.9764414295414103,0.9960129330872705,0.9998925304728163
2,6,1782.0824406919114,28,38,0.9012498770140601,0.9284555772790565,0.9645469608965737,0.9955143266686829
2,7,1523.63160538713,9,22,0.9681421402132051,0.9881589539103711,0.9974202565402007,0.9999158113678879
2,8,1698.8857052572303,10,23,0.9728683828028237,0.9868909025409832,0.9963595033238228,0.9999430073733645
2,9,1683.2482045037905,12,26,0.9683227004088012,0.9833113456710281,0.9945172003750441,0.9997280706531021
2,10,1691.2344584776872,10,22,0.9673285042667957,0.9859853288603756,0.9979475395453543,0.9999156990214846
2,11,1635.6403758863453,13,24,0.9532064466837462,0.9795237742049578,0.9948975272245782,0.9998453906470015
2,12,1684.6322173888293,12,24,0.9544315095237837,0.9781104095450026,0.9962365018207593,0.9999293394557305
2,13,1762.1898573920275,14,27,0.9126314655797073,0.9580097767464375,0.9939048197498932,0.9997674228106336
2,14,1630.0672775916946,13,27,0.9735018188661406,0.9843011229763914,0.9935415541348177,0.9997010634561178
2,15,1536.5797545368605,5,17,0.9875125688589479,0.996003531708498,0.9989515480442359,0.9999535801448084
2,16,1685.7834418966097,13,23,0.9343206985213276,0.9729228620438762,0.9961291502893216,0.9999313508031317
2,17,1669.3844214615906,13,25,0.9471331436674646,0.9754699422362895,0.995776110843085,0.9997639060122042
2,18,1783.4623605840948,15,31,0.9389383069184652,0.9680029933365176,0.9918601410138568,0.9994002117820918
2,19,1732.5467450546162,14,27,0.9292744168349127,0.9672338958111043,0.9939718639165895,0.9997657326132221
2,20,1688.6084398117982,10,26,0.9748823616188765,0.9869095551985847,0.9958668198378559,0.9998262016523751
2,21,1544.802326294782,4,16,0.992236971142914,0.997057170851493,0.9991044730433113,0.9999027222123013
2,22,1505.7582028022869,5,21,0.9894465161959407,0.99541880682934,0.9982973093578434,0.9998584506931973
2,23,1316.5258217479063,5,21,0.9886741191654201,0.9951723582877693,0.9981888885848476,0.9998413732338935
2,24,1711.2025732016368,15,27,0.9246155114222836,0.9640022262768125,0.9938524736548611,0.9997531415321698
2,25,1484.4251445098812,4,16,0.9927581812281981,0.9970649690313073,0.9991152000682643,0.999971006586292
2,26,1768.5200193576422,20,36,0.8821596541562388,0.9519179595586509,0.9857802347827943,0.9980553578792247
2,27,1574.1635027892123,8,18,0.9718917998248033,0.9912581317485525,0.9986493191867716,0.9999344931048634
2,28,1630.2186606555922,15,26,0.961730441861942,0.9776722354560459,0.9923144069342542,0.9998877357180229
2,29,1503.4741502237544,11,18,0.9413102813349726,0.9781177414217261,0.9984176106799356,0.9999769358437097
2,30,1579.8000953994408,13,24,0.9258918537433264,0.9658556015063615,0.9953429072215593,0.9998969265486525
2,31,1726.959651988773,15,27,0.922715426162042,0.9655283768119671,0.9929701819620212,0.999811324769759
3,0,1828.4880378450957,20,37,0.9462232693340037,0.9739462516712063,0.986909308316294,0.9973222535861942
3,1,1814.6626850538246,5,14,0.9859209687507358,0.9971619242236421,0.9994932091496763,0.9999796066602948
3,2,1777.402953559237,9,19,0.9670388623526284,0.9889846739149483,0.9985837222788042,0.9998686554552516
3,3,1733.7779274818597,7,15,0.9736525707155148,0.9955661431076208,0.999222250052908,0.9999493428628374
3,4,1819.9744665817573,9,24,0.9692160024384939,0.9881122460774143,0.996717137313918,0.9998399239849429
3,5,1750.983444326342,6,18,0.9809438823493521,0.9957050691323621,0.9987981011118056,0.9999452147967501
3,6,1664.031808143011,6,23,0.9855885949727966,0.9932596649140676,0.9973827147856186,0.9998489680212097
3,7,1838.7336786962414,12,32,0.9672913887900362,0.9839935841930247,0.9940071250159838,0.9990458804473349
3,8,1745.1786217508802,3,18,0.9937676304515963,0.996896676147041,0.9987354418828762,0.9998747290025717
3,9,1621.3098977709474,4,18,0.9911831469414447,0.9970838035091463,0.9988670823408379,0.999911336974101
3,10,1834.7075539177354,10,22,0.9635995056853327,0.9852365394658643,0.9977424686927316,0.999881030180496
3,11,1732.525607098328,7,16,0.9793200840343912,0.9941214088480531,0.9991332013921992,0.9999446583652715
3,12,1827.5625913202837,9,22,0.968377113361045,0.989637333095586,0.9973247096953295,0.9998814713796208
3,13,1836.6139846737979,9,21,0.9595257225359352,0.9883581929016485,0.9980098826967597,0.9999270682652704
3,14,1783.1585621774882,8,20,0.9701636872702067,0.99052936421178,0.998484576670755,0.9998760667867572
3,15,1800.1288976155133,10,22,0.9614146821076194,0.9866698704900546,0.9978596203454486,0.9998807266144446
3,16,1767.5004768411743,9,19,0.9599249173076863,0.9886859733896235,0.9985358289583429,0.9999287333086098
3,17,1640.5367036182843,3,16,0.9937769929970799,0.9971255085865833,0.99904792008558,0.9999328781318345
3,18,1766.6673258398798,7,21,0.9779727257320775,0.9929256342922259,0.9980897282562076,0.99991063322878
3,19,1789.7791528347925,8,19,0.9803484166796529,0.9921671532851294,0.9986510534839734,0.9998908368779406
3,20,1785.5953227007808,6,13,0.9848069002875135,0.9956789981276558,0.9993719179767104,0.9999656144826773
3,21,1627.8377243829395,5,21,0.9898571688049735,0.9950499834950502,0.9981717953095581,0.9998738916659914
3,22,1740.170995843955,9,17,0.9618221823767262,0.9886092815576131,0.9989949625820248,0.9999289527243516
3,23,1847.1340204084586,6,18,0.9837736411848554,0.993962008338929,0.9987071472309392,0.9999370600379067
3,24,1826.9483152769778,7,19,0.9794899747709727,0.9927562628029947,0.9984144584026664,0.9999226292534272
3,25,1682.5898547043075,4,18,0.9923906255663836,0.9969751056705081,0.9987614053084222,0.9998740652629262
3,26,1499.5344412742263,19,33,0.9466593965734605,0.9706977424571639,0.9874342650801493,0.9987464688156421
3,27,1595.4903213031648,4,15,0.9940530389213683,0.9976973986772013,0.9991459062855723,0.9999382126042857
3,28,1713.8984263764737,7,26,0.9841795502685989,0.9914786563517786,0.9963953064111382,0.9996805926606799
3,29,1770.4329105832635,4,17,0.9904275336065258,0.9971415075737301,0.9989043581708583,0.9999488002493223
3,30,1747.3119947658804,7,19,0.9763386017767053,0.9939500769775537,0.9986644560815505,0.9999330621895789
3,31,1333.1736475823375,11,21,0.9577054402322885,0.9821436958680649,0.9967989953004034,0.9998919646535132
4,0,1707.7838555379158,10,21,0.957808858670088,0.9841690148023896,0.9982002044986023,0.9999165858269222
4,1,1395.9338706416456,4,20,0.9917784162401286,0.995991720373507,0.9984996509775709,0.9998428000795262
4,2,1599.2013229997308,5,18,0.9879658676535695,0.9954083561871341,0.99876337837448,0.9999341026086215
4,3,1862.71843935576,12,26,0.9400499945092202,0.9762840794272512,0.9960987634858255,0.9997535482595046
4,4,1648.1146045577068,11,25,0.9583591232061094,0.9826314242657594,0.9962144533725704,0.9996339709573585
4,5,1401.8054941571795,6,28,0.9827160374231858,0.9925747335483076,0.9966081922465628,0.999484200183824
4,6,1777.2397776815828,9,24,0.969109963965121,0.9894946078282256,0.9973786293885721,0.9997296396055075
4,7,1698.9459448374946,9,26,0.9732870544474339,0.9894647412124662,0.9973332019875026,0.9995303857994221
4,8,1830.20917555922,9,24,0.9791406944230032,0.9889657800070398,0.9961317686940905,0.9998753523295593
4,9,1764.5326904977755,7,22,0.9762869724434812,0.9935454856359588,0.9978478873175971,0.9998955745509428
4,10,1765.9986259902835,8,20,0.967643019500965,0.9901082653347181,0.998239285076852,0.9998871143443766
4,11,1686.961160288195,10,25,0.9518243926089457,0.9844372160287039,0.9967411091718275,0.9996652652336651
4,12,1581.5601031689591,6,24,0.9875608323402207,0.9927949525744275,0.9971772822605296,0.999738439747829
4,13,1673.1617630102137,10,27,0.9754937668144338,0.987863016202655,0.9962662878968572,0.9995572997609689
4,14,1696.3475383423588,8,22,0.9795828191774485,0.9917734588786415,0.9975363530407463,0.9998724201180345
4,15,1740.6231224009582,7,20,0.9817162631510328,0.9932781976581861,0.9983558806245457,0.999885897848118
4,16,1640.5349846946242,13,29,0.9741351632884763,0.9838146758985901,0.9932328233614378,0.9994404682590166
4,17,1667.9087206821725,6,23,0.9863394717680394,0.9928305389852347,0.9973145247068624,0.9998307748128997
4,18,1699.131627447011,9,22,0.9688752336378279,0.988989993948632,0.9976345417794015,0.9998860136509135
4,19,1761.4149873448118,9,21,0.9770592124935074,0.9898579224944454,0.997936628394576,0.9999051020976865
4,20,1609.7616247297933,4,20,0.9901738178601868,0.9956588227787735,0.99843198536143,0.9998807952176733
4,21,1488.0319189847107,4,20,0.9909767852751414,0.9959691088914626,0.9984388072697842,0.999895394000263
4,22,1724.4287358257104,9,19,0.958436754112374,0.9883317693607769,0.998624543196885,0.9999023058910737
4,23,1662.16414415224,6,21,0.9791753949853118,0.9935709163263453,0.9982794032833865,0.999896460185873
4,24,1853.1364314150255,8,18,0.9794488409252267,0.9920432881026117,0.9986984131719787,0.9999368400219778
4,25,1741.2237515197244,7,20,0.9833411806252125,0.9928424909888921,0.9985669982142829,0.9998938436755108
4,26,1587.1489822796614,7,14,0.9762750276462749,0.9940664050157113,0.9993034889339883,0.9999609842869774
4,27,1806.3909796610915,8,19,0.9735573497790458,0.9908212183838477,0.9986655502372747,0.9999149945467055
4,28,1732.714498931553,6,18,0.9806176466531803,0.9954910195973488,0.9987405765555067,0.9999125334245597
4,29,1643.6077004685367,8,22,0.9636918203134163,0.9917222593584727,0.9978411679681181,0.9998533953742683
4,30,1476.8395707303002,6,22,0.9861434133312408,0.9942581358183737,0.9978473059484458,0.9998930749252151
4,31,1802.3714872847802,4,18,0.9908224223152577,0.9959632682344853,0.9988143305546306,0.9999371269921562
5,0,1612.5119975732923,7,11,0.9775958263312764,0.995637013434231,0.9996547455238155,0.9999751024431216
5,1,1527.673084237609,5,20,0.9888581497536321,0.9946801887325417,0.9982419838649985,0.9999174046508662
5,2,1875.4119587793193,20,36,0.9545398723182673,0.9690045628924583,0.9858695910492271,0.9977936651799543
5,3,1869.079205972656,14,34,0.9712246397641447,0.9826669085901846,0.9927849239093234,0.9987463744810284
5,4,1562.4913783800273,4,11,0.9912303152981726,0.998481409983116,0.9995741968647877,0.9999805301303999
5,5,1869.3896773195802,3,16,0.9945907923193071,0.9971595577348009,0.9991036555051446,0.9999265564609915
5,6,1726.502535419201,5,20,0.9886260068361591,0.9937474011671045,0.9977610280565005,0.9998980381913662
5,7,1650.4650541577396,9,25,0.97883004540851,0.9898940220327684,0.9961434672432374,0.9997084293874513
5,8,1607.7315136347622,9,23,0.9629200232455913,0.9886327333263829,0.9973330292373171,0.9998498153874709
5,9,1646.9207761294074,9,22,0.9571690113160923,0.9897909123333962,0.9976488121607596,0.9998222499710172
5,10,1476.9455958561816,7,20,0.9748022235434421,0.9934305053401496,0.9984324715308305,0.9999172872698004
5,11,1835.244912493121,7,21,0.9810094693291628,0.9927266037258747,0.997928014554073,0.9999340032585303
5,12,1593.1850674889902,4,18,0.9919200255317111,0.9963717806238263,0.9988202249396876,0.9999175499256842
5,13,1513.0088382667664,10,27,0.9803936737254006,0.9886395780745044,0.9951583023415105,0.9996079192619481
5,14,1703.7836839337265,6,19,0.9861766145434094,0.9943609489969709,0.9985091582726109,0.9998846617005607
5,15,127.16524763641698,4,18,0.9908601408663441,0.9957260174021293,0.9986288231705471,0.9999516078754512
5,16,1702.6385451996389,9,18,0.9703087943454197,0.9887078243538839,0.9986572675605336,0.999912240564419
5,17,1815.0590888847596,11,28,0.9742916540542975,0.9867950706654699,0.996217076588021,0.9995198078455653
5,18,1748.2478082357788,8,22,0.973829157782987,0.9912561175488761,0.9979958197569025,0.999818188918071
5,19,1625.9930037869608,6,21,0.9857316844803217,0.9936776283598219,0.9979399601018768,0.9998495146299272
5,20,1273.2948585908377,3,18,0.9932956100544076,0.996372165337651,0.998695239080021,0.9998747632562953
5,21,1603.2324850459352,5,24,0.9883424526177645,0.9940903147285153,0.9974812817737398,0.9996327788887928
5,22,1661.9296119592009,6,22,0.9850876995039441,0.9944556820133207,0.9979323101704701,0.9998464545230025
5,23,1442.054378501448,5,22,0.9885790609381154,0.9943366826136069,0.9978685304878607,0.9998511590108838
5,24,1739.8021355805756,7,19,0.983914800843917,0.9935722975719771,0.9984908128439436,0.9998758784670877
5,25,1928.3612392584682,7,24,0.986366186351375,0.9922278751561616,0.9974199602275317,0.9997810142979929
5,26,1869.5610563724538,7,21,0.9821202502788628,0.9924942728477857,0.9981689074803551,0.9998129027271674
5,27,1900.9999314598233,7,25,0.9853504891249206,0.9912774614080611,0.996931402969883,0.9996833897589047
5,28,1683.3256944579616,8,24,0.9817801255943781,0.991713221886895,0.9972829388149516,0.9996763412345046
5,29,1751.5603712363081,6,20,0.986982905252934,0.9943815412143855,0.9983168391317043,0.9999316656764015
5,30,1563.758073168495,5,18,0.989366835435304,0.996526897334905,0.998793007479445,0.9999347662475441
5,31,1670.5667158619203,5,23,0.9892142744970673,0.9941521021476353,0.9976901881445464,0.9998306575415427
6,0,1642.227393208948,9,29,0.9793492907433038,0.9886354116777253,0.9962394951189464,0.9993758095526178
6,1,1443.1672676629873,8,28,0.984601363447063,0.9909140904335438,0.9960018892240452,0.9995415834932844
6,2,1511.216673774758,5,20,0.9895311327787188,0.9949427508521961,0.9984451226773022,0.9998995748890566
6,3,1594.9927147319145,5,15,0.989897895782508,0.9973756584819798,0.9991284038241209,0.9999279045013373
6,4,1265.2783342953617,5,20,0.9886741904964584,0.9960440570538082,0.9985059801206243,0.9998401291674466
6,5,1586.8778158518517,6,18,0.9835940991384845,0.9942618550824415,0.9986543736921007,0.9999164225315765
6,6,1572.7872964388048,2,13,0.9964086080221971,0.998223161356049,0.99938026874159,0.9999581882934131
6,7,1786.7134808510873,6,28,0.9883518310186928,0.9926726981699153,0.9966070689875691,0.9994685534508623
6,8,1343.2161033335042,3,17,0.9938314059824894,0.9973234880443166,0.9989252296398075,0.9998881568021382
6,9,1630.1038183811377,5,12,0.989572303286258,0.9978837474978082,0.9994843522557424,0.9999329349821354
6,10,1742.7108466782706,8,23,0.9775660829221817,0.9906424497089718,0.9970452417550378,0.9998119999491841
6,11,1660.507763076106,10,22,0.9746673046159898,0.9873280689872425,0.9970371186340043,0.9998567807622054
6,12,1303.262251653457,10,28,0.9812134934083997,0.9881621232997096,0.9946981511089321,0.9995424783176101
6,13,1474.9290149736119,4,21,0.9900781355860095,0.9952404417685,0.9981992062424375,0.9998261635995555
6,14,1651.567707761375,12,24,0.960357267029403,0.9821895663010951,0.9947109293371692,0.9998002580084877
6,15,1301.2206461898238,2,17,0.9945437155853248,0.9972906512243469,0.9989225581499948,0.9998942802817117
6,16,1718.9930649111093,3,6,0.9970101436028507,0.9996840852697744,0.9998979128092955,0.9999874591099164
6,17,1209.5583250067348,11,26,0.975573151093826,0.9868004501460548,0.9953159996051516,0.999681110804307
6,18,1281.5190843667096,6,24,0.9869237988613925,0.9930868338185104,0.9971259603969647,0.9997444955076539
6,19,1543.965575659341,5,17,0.9859559653651662,0.9967787199635482,0.9989820452224434,0.9999415466935471
6,20,1504.2705194863715,4,25,0.9909442015039645,0.9945732549516221,0.9974899258450423,0.9996803684650426
6,21,1355.9714750151727,4,21,0.9918347525374775,0.9957748132642849,0.998349623779175,0.999841413068167
6,22,1586.2010832175547,4,16,0.9916504431541437,0.9967456108941325,0.9990342589607636,0.9999087926930844
6,23,1643.07518663282,8,22,0.9715739206355112,0.990810083425884,0.9976160594374701,0.9998364997337252
6,24,1573.0593515612486,7,21,0.9807475993465757,0.9941483770944783,0.9981198243527851,0.9998596182037017
6,25,1464.9139456275045,5,22,0.9895317330479227,0.9940510063853415,0.9976009113555097,0.9998190363156162
6,26,1801.0800903417066,6,23,0.983355957319542,0.9937719297180907,0.9974704113531018,0.999790321486324
6,27,1478.117285819431,3,13,0.9929897959373796,0.9979657498849102,0.9993877605149005,0.9999321743943838
6,28,1532.2457482057964,9,26,0.9803762017943289,0.9896202641410915,0.9963669423118978,0.9997312127313136
6,29,1539.7496939815417,3,13,0.9943731109648144,0.9980903003978876,0.9993437479689897,0.9999416470113592
6,30,1571.25647978263,3,16,0.9933906875271187,0.9968742208563186,0.9990349784599709,0.9999388705486343
6,31,1593.546397879164,6,24,0.986182136474553,0.992805646953908,0.9970069845731112,0.9997479549384346
7,0,1166.6313304653356,4,19,0.9912938217059286,0.9957430350003394,0.9985616468607371,0.9999032570024681
7,1,1557.3551276760056,7,24,0.9847592455182582,0.9936507578542388,0.9978979735093844,0.9996564699218075
7,2,1502.6161764925737,3,21,0.993041889677231,0.9956691629017728,0.998294247531814,0.9998245409402319
7,3,1625.3627098869683,6,23,0.9872597344255883,0.9931452179215793,0.9977008385075977,0.999801890736267
7,4,1570.8124462314934,8,21,0.977269469384836,0.9911233209829773,0.997967899657027,0.99986420214845
7,5,1200.0513404759356,2,17,0.9948165454891034,0.9971973116084636,0.9989409592841515,0.9999172753497195
7,6,1342.9486654408383,3,9,0.9976283406387252,0.9989821525479111,0.9995840033333083,0.9998988626630336
7,7,1427.7847167892326,6,23,0.9851876386334839,0.9957600278549054,0.9983029706391615,0.9996443765749242
7,8,1337.7082483385223,5,22,0.9855424280850845,0.9946362880374462,0.9981669833239628,0.9998260583459362
7,9,1478.90185043974,8,20,0.9742364849675929,0.9904748850902647,0.9979017039919021,0.9999149070500334
7,10,1826.1562277370058,3,5,0.9986687942624356,0.9998406713747201,0.9999510903882681,0.9999857334922428
7,11,1600.4188208519881,6,21,0.983844443079747,0.9955203497725703,0.9982862051110923,0.9997803290602237
7,12,1634.0812562632648,5,12,0.9878013949471487,0.9974461848926224,0.9995971543192591,0.9999857317886164
7,13,1661.5364141006767,10,23,0.974234419200594,0.9879656250965763,0.9966158762154883,0.9997571951666638
7,14,1148.3075376589939,4,22,0.9909034521814658,0.9948998465487016,0.9979756566058802,0.9997858723479902
7,15,1751.6299247303516,6,27,0.9879628152542697,0.9928310534195193,0.9967383070042383,0.9994887306422658
7,16,1643.5113008715755,8,21,0.9814493251525028,0.9916597197361293,0.997894711251636,0.9999258210699732
7,17,1439.4531200892534,4,16,0.9914981493100714,0.9966653981058697,0.9990618193580475,0.9999474793560682
7,18,1448.6657937504606,6,15,0.9864667775772352,0.9966145055745088,0.9992757674947798,0.9999486916765035
7,19,1595.3420156340653,8,20,0.9765443314093712,0.9925173473604855,0.9984381006457278,0.9998860813131321
7,20,1713.897133288638,4,21,0.9910771874314439,0.9944714520607283,0.9979389447731914,0.9998856042704337
7,21,1131.6599579288818,4,20,0.9910829223566089,0.995597198196194,0.998408184238087,0.9998239342233711
7,22,1501.3388566946278,3,18,0.9944817424261402,0.9968725696194264,0.9988546587116958,0.999922261145903
7,23,1667.2525579183284,2,14,0.9963968792455403,0.9981010868201775,0.9992160910588157,0.9999239508908315
7,24,1658.5137648549985,6,22,0.9840535898645957,0.9930386907820453,0.9981598208450517,0.9997494646687535
7,25,1350.1517222742257,6,11,0.9822706796224085,0.9980880879139894,0.9996425835065846,0.9999627028335171
7,26,1759.671652459297,6,24,0.9877175868400528,0.9939668653066843,0.9974387097426478,0.9997650488836517
7,27,1514.6552176124019,3,17,0.9944174097538531,0.9970715357833926,0.9989884562849941,0.9999232276999894
7,28,1614.800822188495,5,22,0.9885446295911053,0.9941527669285972,0.9979445897348246,0.9997928399763967
7,29,1452.2892940433435,6,26,0.9843573988145787,0.9934294173830349,0.9968454058838174,0.999691768344264
7,30,1852.9213444934971,12,27,0.9697395222030942,0.9851974713810105,0.994330088799887,0.9995314153005534
7,31,1684.3878794906132,9,29,0.9842757425667538,0.9899090727907056,0.9955617397622744,0.9993767454837214
8,0,1646.628208560805,4,19,0.9918293219838555,0.9962472633194446,0.9986421371421865,0.9999186871426764
8,1,1054.967266747849,6,19,0.9822020722334691,0.9944158056129005,0.9985381592529152,0.9998825937652572
8,2,1443.5457466638072,5,17,0.9863591559433242,0.9965386584012669,0.9989647370334513,0.999911303087724
8,3,1143.2375777276611,4,19,0.9903146014370682,0.9956815887009985,0.9984483044472541,0.9999161311784606
8,4,1535.221812088832,3,19,0.9951673886794611,0.9972884317846628,0.9987194055471813,0.9997962958857474
8,5,1457.428400189001,4,20,0.9908290407303187,0.9956468818935729,0.9984010097628677,0.9998875799600188
8,6,906.7596093897264,10,29,0.9780472832292979,0.9879244512052714,0.9950086015568631,0.9994450353460539
8,7,1510.1455099117452,7,26,0.9861090252222061,0.9916727890321609,0.9967413065436215,0.9996293189984116
8,8,1541.8035586029498,9,28,0.9808361074651918,0.9894382161234868,0.9960504659399462,0.9994304568166135
8,9,1276.0494670411508,3,15,0.9929111212814739,0.9974907410924105,0.9991820142446735,0.9999566635397519
8,10,1256.3255752809387,6,19,0.9870658908226143,0.9959826963901933,0.9986331870942377,0.9997894428118177
8,11,1393.8575467902783,8,17,0.9732827594735324,0.9913300563801274,0.9989386668873098,0.9999388112335541
8,12,1633.8308834918712,5,20,0.9881870676164441,0.9955092492525668,0.9984852225266887,0.9998381467617065
8,13,1221.5586397275642,7,22,0.9776287875235725,0.9923525254762684,0.9978718619529717,0.999889143227913
8,14,1680.943744510269,3,19,0.9920919162961455,0.9956115844695697,0.9984445649912861,0.9999200018145672
8,15,1541.8057816929904,9,23,0.9727166808194162,0.9884284808272547,0.9968481109684841,0.9997978527746941
8,16,1393.2656024015428,7,15,0.9816296921500764,0.995498805070561,0.9991820521175122,0.9999235455787183
8,17,1306.5399650786821,5,22,0.9859350620396878,0.9944444733410764,0.998115104743505,0.999834230204635
8,18,1634.1596616247734,4,21,0.9910432048201534,0.9955046557535449,0.9982367354148339,0.999852886281573
8,19,1526.8729464406097,5,25,0.9887230823939697,0.9932416428478745,0.9973483207849888,0.9996579831859416
8,20,1644.5234679271086,7,22,0.9797478877483586,0.9927767664918552,0.9981397425829054,0.9998045495020745
8,21,1365.6007754583952,7,27,0.9804446998741624,0.9931307073354979,0.997567838071687,0.9994648131462782
8,22,1147.658499423077,4,22,0.9906841390623404,0.9955057903957643,0.998202545192176,0.9997671804859144
8,23,1103.9980250644735,3,16,0.993292332091913,0.9968338813984284,0.9990583043881569,0.9999400681508512
8,24,1110.6506808413133,3,20,0.9933311555827986,0.9964119713120937,0.9984392877330323,0.9998079211344126
8,25,1199.9912310446043,8,22,0.9746598746212414,0.990588624909783,0.9977457605174487,0.999758887329188
8,26,1693.1389643136945,3,9,0.9972814880068867,0.9989865399038912,0.9996605113221485,0.9999726223512905
8,27,1389.2398757350884,5,20,0.9870973962669694,0.995845168737263,0.9984928383432882,0.9998701632057381
8,28,1622.8141560644926,4,21,0.991953217521837,0.9958851641931744,0.9982485625748634,0.99986072247775
8,29,1196.9751544397795,8,21,0.9732887860584746,0.9918697165441905,0.998050062710681,0.999906744574408
8,30,1575.8879616558459,6,18,0.9854579280230055,0.9956675798552741,0.9987529545087065,0.9999052672941167
8,31,1704.765318570731,5,21,0.9894457882764629,0.9945367561044945,0.998058705806768,0.9997493656761501
9,0,1719.7918080841741,9,24,0.9811651665552961,0.9894824863647449,0.9967438913003849,0.9998243488744593
9,1,1790.693869689201,10,25,0.9678351396112644,0.9866503155808436,0.9966716845677521,0.9996968341698551
9,2,1223.945969523301,5,19,0.9884008039923242,0.9959023313655923,0.9986442117148805,0.9998820223923283
9,3,1477.488381179914,5,19,0.9897183585837964,0.9949169855045741,0.9986417508288968,0.9998962591602266
9,4,1354.233526349367,7,26,0.9816682762675826,0.9931342794313095,0.9975279580708775,0.9995638928724276
9,5,1407.4983353911673,5,19,0.9875067849252216,0.9956925802148147,0.9986511490316364,0.9998797931009402
9,6,1088.5241697101997,7,22,0.9784435961530409,0.9931226191333438,0.9979867644173809,0.9998135846692023
9,7,1348.1116186093232,7,20,0.9820741956253783,0.9933251318014423,0.9983398795117081,0.9998591770741336
9,8,1521.896782319056,9,27,0.9805134503249481,0.9898844441217782,0.996299509983696,0.9995605098255946
9,9,1496.8112727506498,6,23,0.9854968274265299,0.9945045306662927,0.9977710041502931,0.9997621313177592
9,10,1063.5302196697537,6,24,0.9871728126078948,0.9936534220287027,0.9974089987090407,0.9997205630792337
9,11,1098.5750881943668,4,21,0.9904812383189353,0.995263394545756,0.9984355583834806,0.999764350412853
9,12,813.7346714971841,3,12,0.9946080694074518,0.998216233148449,0.999497069838188,0.9999584943835499
9,13,1234.3969452007168,5,21,0.9899994677531092,0.9960799474674586,0.9985130429535959,0.9997062536415899
9,14,1600.4158135198877,7,24,0.9851246084504497,0.9923770464718198,0.9974455867377459,0.9997463152235572
9,15,1295.739897328835,4,16,0.9902338806706558,0.9969637061552793,0.9990320376457376,0.9999155334854734
9,16,1314.2147062790764,9,21,0.9694457292256757,0.9891869285391278,0.9976654717133318,0.9998548379655025
9,17,1489.9121049371897,5,23,0.9878788599331301,0.9941235797614626,0.9977047939161509,0.9998164614366072
9,18,940.0444526424342,3,15,0.9928652432237193,0.9974221356204507,0.9991815344616468,0.999927885550362
9,19,1400.4719371900899,8,22,0.9691692854762135,0.9919193426027791,0.9978928494319527,0.9998182358599585
9,20,1151.0883065028609,7,23,0.9832897490927058,0.9931462420470231,0.9978423964860773,0.9998053986948403
9,21,1515.5745565121576,8,23,0.9782594867161677,0.9911765930088612,0.9974899069620401,0.9998197604697606
9,22,1577.9025440428875,7,24,0.9865527258161754,0.9918535625873027,0.9969594006473661,0.9998435021354695
9,23,1289.9848426803571,11,27,0.9771019932322369,0.9871197778618177,0.995154122150108,0.9994911730080992
9,24,1287.202743919013,6,19,0.9804534504893531,0.9952550728716922,0.998577187845639,0.9998851711032759
9,25,1504.0429531611794,5,24,0.9883233272963096,0.9932576574296325,0.9972702859064201,0.9997210104733953
9,26,1731.0451392503164,5,22,0.9870582392152872,0.9936577502218175,0.997684893660497,0.9997711709534511
9,27,998.8306927447868,8,16,0.9662854321841702,0.9918100448284943,0.9990865330341414,0.999944756562661
9,28,1574.9203269269774,5,17,0.9872282105524498,0.9958219227959869,0.9989442339680082,0.9998529901371294
9,29,1045.5336195667624,4,19,0.99334298471864,0.9967082769180785,0.9986730258985762,0.9998431601606634
9,30,684.0645141515402,8,27,0.9810031240389009,0.9905095197021706,0.9962010892967915,0.9995613447050724
9,31,1138.6136080846193,5,22,0.9880413094413529,0.9947487035992486,0.998047679859875,0.9998527169335898
10,0,1315.2328047678984,4,20,0.9914850661263274,0.9957919038474397,0.9983231300807468,0.9998670539498563
10,1,493.0127411627384,5,18,0.9897496287263419,0.9962286464786622,0.998874490936425,0.9997843802801106
10,2,800.9732293634821,2,14,0.9952907549651805,0.9979171597434655,0.9992024053330996,0.9998515073995098
10,3,1310.6204728591306,8,18,0.9754826399334876,0.9919119284068024,0.9987751934040919,0.9999195718859825
10,4,1399.9193063081993,5,23,0.9886350364955406,0.993560284521756,0.9977659260939874,0.9998181410261667
10,5,1346.4560023932354,9,22,0.9650221365342008,0.988461693022323,0.9977149411273127,0.999832338075931
10,6,1202.6577466714475,6,22,0.9853861470106025,0.9949521055094639,0.998003680590467,0.9998207768242845
10,7,1333.6123138384555,4,19,0.9916548791985106,0.9954947858424812,0.9985231481405364,0.9998441219030856
10,8,1025.0030664116184,3,11,0.9947661694451395,0.9985159678471829,0.999480003029417,0.9999628722756225
10,9,1445.9769239524762,5,20,0.9897071929664895,0.9958738698267949,0.99853257516908,0.9998539909669818
10,10,1295.539578938834,6,23,0.9862393531513558,0.9939283619864788,0.9977858113786502,0.9998229047163856
10,11,922.0336564258567,4,22,0.990224809012824,0.9952237751721676,0.9982468668848313,0.9997563015885954
10,12,1211.7654567022253,10,27,0.979688560620828,0.9883375097795397,0.9955743832338088,0.9996332717704628
10,13,1465.755369550138,12,29,0.9664434088745185,0.9819906196578461,0.9941671741399625,0.9995253537990646
10,14,1485.5224506706352,4,17,0.9907825560889062,0.9964129689994322,0.9989868134480858,0.9999580425036566
10,15,1199.183588979869,3,19,0.9932957471441686,0.9967401891558069,0.9987240092409838,0.9998602888689566
10,16,1289.4735077632786,5,19,0.9889655182317232,0.9955141023986309,0.998567355156247,0.9999145361160993
10,17,997.6678938699953,5,15,0.9855493209109918,0.9966495338957743,0.999190805521891,0.9999390695156638
10,18,1430.1814892603861,7,25,0.9843544358534803,0.9924308120002793,0.996980470012755,0.999678097208559
10,19,1309.8403416799524,5,20,0.988515150472443,0.994721214204893,0.9983661903366047,0.9998793848662683
10,20,1381.0368302773952,6,23,0.9844522105890258,0.9933446006370948,0.9976668527995811,0.9998156200895789
10,21,1228.6358350453206,6,21,0.9858701168222244,0.9939817006040997,0.9982672243258014,0.9998547889995328
10,22,1367.7822751696438,8,21,0.977904106061463,0.9914152399656341,0.998248100770487,0.9998381459024176
10,23,1363.9078569667372,4,18,0.9909764132440665,0.9963711552010476,0.9988001419665615,0.999928654430805
10,24,1132.9450849573593,6,23,0.9843757530927355,0.994076751479109,0.9979286884712609,0.9997109772055552
10,25,1081.758565290258,7,17,0.9793742935843904,0.9954674496899368,0.9989078892041403,0.9999319023093123
10,26,1031.4740673371937,4,19,0.9915240103529671,0.996096753782769,0.9986849958028414,0.9998489476224369
10,27,909.6090903135112,5,18,0.9889806372050566,0.9963237646185824,0.9988389739884317,0.9999086657107725
10,28,1133.768361882218,5,17,0.9893887517812757,0.9966836957026225,0.9989679924714187,0.9998434076169622
10,29,969.589580639398,8,29,0.9806842384633757,0.990042971021364,0.9958230954105117,0.9994130371293789
10,30,716.1089982474361,5,23,0.9877538370547281,0.9941735798907216,0.9978825137274139,0.9997139982840815
10,31,1193.8102428886723,6,21,0.9849493601046788,0.9932157894927145,0.9979644920183042,0.9998978745270036
11,0,1139.687444081494,5,15,0.9868003080710915,0.9972450426095529,0.9992406756981106,0.9999335225830892
11,1,963.1369626861572,3,18,0.99441516934428,0.9971378235261631,0.9988818430714661,0.9998521227403431
11,2,1762.0907069781638,3,14,0.9948082822826355,0.9978246863234765,0.9993189277263319,0.9999212598624119
11,3,1322.9219159990846,3,17,0.9924743009694567,0.9965193900939955,0.9988720757993607,0.9999298141643194
11,4,1070.498716800471,4,27,0.9905456752762949,0.9946055536865328,0.9974576577588121,0.9994800553663044
11,5,1376.541760821904,4,20,0.992870288065422,0.9965745310990047,0.9985388314651873,0.9997914404074918
11,6,774.9810013849524,4,23,0.9913027454752549,0.9955411633736574,0.9983017779345545,0.9996221798091371
11,7,1051.4869843727633,6,24,0.9862976611930573,0.9936628755386203,0.9976094688117292,0.9997358994782558
11,8,1246.1416073267478,5,20,0.9896453083631694,0.9958458346348472,0.9985782407085034,0.9998581325090691
11,9,974.5398115266023,2,14,0.9946213745318825,0.9976038931462843,0.9992584484877224,0.9999247015138558
11,10,1253.7095147136483,3,22,0.9937599725658234,0.9965509528125921,0.9983810147324956,0.9996623305589514
11,11,1172.7214844844477,4,18,0.9921252988491808,0.9965667735365276,0.9988614443943825,0.9998730746441113
11,12,1250.249530437351,6,19,0.9873023698391319,0.9945267074054497,0.9987176109775311,0.9998415573055002
11,13,1366.441733400709,3,13,0.9943141395409112,0.9978231912884272,0.9993565071763859,0.9999462450009831
11,14,1410.0192468767955,7,23,0.9839535862734293,0.9924315028899414,0.9974983454672426,0.9997534525391014
11,15,1707.9479750207333,3,11,0.9949280883524203,0.9983098311949764,0.9995951520690766,0.9999637493744948
11,16,1475.7579410773078,6,20,0.9846961914275577,0.9948551887975023,0.9985236424303959,0.9998521570842457
11,17,962.8168842151059,9,28,0.9765374967593559,0.9889176936929666,0.9960955231901839,0.9994433207528206
11,18,1396.4364529675563,3,15,0.9941784701798675,0.9973538810104468,0.9991335815991268,0.9999267487642935
11,19,1116.7509239447388,5,19,0.9897470010862759,0.9955263746670016,0.9986387019708552,0.9999165295199306
11,20,1484.3481287892944,11,25,0.9685081797697701,0.9846749378158709,0.9956323659145407,0.99980682509915
11,21,1035.0198056220752,5,22,0.9892356779584563,0.9947880725767817,0.9982004233993389,0.9996977373444155
11,22,1541.4658851810088,4,17,0.9904544675099975,0.9963335385592642,0.9989478547501298,0.999940736517933
11,23,1433.2188086502692,3,16,0.9951730266560184,0.9976390006131417,0.999002583589439,0.9998857934499051
11,24,1284.2040796434464,5,20,0.9895767150285273,0.9955362416546011,0.998472016609228,0.9998508852723776
11,25,1250.29594979226,6,22,0.9834421460889371,0.9941995140463908,0.997990231013569,0.9998132987774837
11,26,772.3862607441301,5,21,0.9897606787416394,0.9948188356344468,0.9983159708631539,0.999768799626091
11,27,1356.263197896905,8,21,0.9703241086769491,0.9913495878525315,0.997762697216163,0.9998492653632538
11,28,1359.8151821880142,4,21,0.9923633468591584,0.9956255274335004,0.9983563900054799,0.9998226452403343
11,29,1427.5774134328349,6,21,0.983810007036278,0.9949662179308435,0.9982954236995818,0.9998529051779935
11,30,1239.5651597300016,8,29,0.9818125810897663,0.9902387775566451,0.9958320898008621,0.9993166619135638
11,31,1323.5682827076093,4,21,0.9911726396928815,0.9954504654202881,0.9982968486710008,0.9998540259045192
12,0,1211.5053365179847,6,20,0.981708694585494,0.9953943140122989,0.9985321375970498,0.9998309069729534
12,1,955.9786432002394,4,18,0.9915464405516542,0.9966250378236043,0.9987705374383062,0.9999001442617198
12,2,1586.7142629063414,3,12,0.9963624121670728,0.9983951163035725,0.9993879492473537,0.999948135373667
12,3,1396.7163804036077,6,18,0.9842371979487775,0.9949890285546098,0.9987168695450094,0.9998729879894749
12,4,1201.9469248493463,4,17,0.992453522339246,0.9969700950032683,0.9989104594627081,0.999813328623768
12,5,1219.9129243128305,6,20,0.9866842637468609,0.9945217822034464,0.9982689682950378,0.9998695194042067
12,6,1376.543000626037,4,18,0.9901892743722989,0.9964057557038822,0.9987540241961448,0.9998673112561801
12,7,1390.1520381960552,9,34,0.9843668661620056,0.9898846800966598,0.9943786195982788,0.9986880144259306
12,8,1029.3381972561579,4,13,0.9923077101495315,0.9976339762240702,0.9993374746038962,0.9999519623910103
12,9,712.7016730832315,4,20,0.9908178345221476,0.9956195981978375,0.9984827182257265,0.9998341242605115
12,10,1153.46125140994,5,22,0.9893582002974769,0.9943170644915864,0.9978086055388093,0.9998007628628585
12,11,1023.7739293976178,4,20,0.990294011252929,0.9954595060035004,0.9983666708329594,0.9998502852701042
12,12,1284.8691482858947,4,18,0.991460328884494,0.9965980154063303,0.998782938516779,0.9998811352288334
12,13,779.0144079548863,3,13,0.9947571038825813,0.9979892446297673,0.999391610748378,0.9999349485669018
12,14,1210.7141300063945,5,20,0.9883808078091524,0.9951654894629558,0.998363284423639,0.999833461368034
12,15,1333.0402920826746,3,21,0.9935848446721882,0.9965272305910802,0.9983767115486416,0.9997602537741813
12,16,1493.6761747131334,8,26,0.9823868273172942,0.991034530983924,0.996385902251725,0.9995615782503149
12,17,1039.7047108887598,4,21,0.9901824253068362,0.996149342246184,0.9984425989332226,0.9998039007808186
12,18,1445.1164232655726,5,24,0.9883948190885872,0.9935177015572543,0.9974209226981937,0.9997176347493042
12,19,1130.4211887049282,5,26,0.9899698070937716,0.995004949990402,0.9977453498043297,0.9995412003746188
12,20,1387.6226132737438,5,15,0.9896618280667534,0.9968689428052806,0.9991616245039768,0.9999208058478428
12,21,944.5964695267029,5,21,0.9878044354609702,0.9955283059751318,0.9983368116734905,0.9997931135620645
12,22,1494.8547462511697,4,23,0.991568088014896,0.9951621097497318,0.9978782437786828,0.999661326317313
12,23,1912.5311673370916,8,25,0.9828241023525229,0.9911261484406434,0.9966951091959563,0.9996660407208516
12,24,1067.663528542465,7,20,0.983162996356453,0.994646327494581,0.9981954978486755,0.9997937914164748
12,25,738.0233571472538,9,28,0.9776934187977943,0.9897337841970348,0.9961945440309615,0.9994288609255414
12,26,1522.5463049275486,7,22,0.9850184462927691,0.9916185905678017,0.9973052897024828,0.9998816530019566
12,27,1320.608322306487,5,17,0.9836147934089978,0.9970617284495235,0.9989548002401676,0.9999181284640006
12,28,1422.6354533559927,7,26,0.9815255308307925,0.991580924599567,0.9964626787524353,0.9996081818484437
12,29,1603.8140366834523,6,18,0.985525026956222,0.9948090975766832,0.9987090915649705,0.999897892388659
12,30,1193.3172283746105,4,17,0.9921553029280562,0.9965623162508166,0.9988688290837018,0.9999094825129482
12,31,1009.333639582113,4,15,0.9904785906308531,0.9973335188526491,0.9992202573540598,0.9999392020774646
13,0,1325.8334750504932,9,21,0.9752859838708239,0.9898382492895706,0.9978864451500947,0.9998255346280831
13,1,1423.7922062996283,5,17,0.9897268554102621,0.9960412890004527,0.9988760990062329,0.9998931022148866
13,2,885.0846781689451,5,23,0.9899822182549586,0.9950509435728501,0.9979300629218505,0.9996907086196094
13,3,1167.9562213005133,4,26,0.990207598216837,0.9950868698870865,0.9977711917879218,0.9994697730470681
13,4,1077.3427153702287,4,20,0.9915989001151947,0.9960692407607833,0.9984517058584715,0.999836072678096
13,5,950.9644703463757,5,21,0.9885361005972704,0.9960228073925103,0.9985196278736407,0.9997051111654615
13,6,1759.9561536656033,13,31,0.9660911767612561,0.9798247963391387,0.9929396051571299,0.9991688477297731
13,7,1423.4589065917269,3,17,0.9937753909265497,0.9969411597119595,0.9988733341620529,0.9998957227226278
13,8,737.720816202116,6,20,0.9817998360338168,0.9953318326133436,0.998404775817018,0.9998453317566324
13,9,904.4262275359273,3,14,0.9934371728536087,0.9977450494888516,0.9992511199921629,0.9999215941459587
13,10,1125.99640634121,6,20,0.9853717535206867,0.9945509608676222,0.9985881299984495,0.9998401526382725
13,11,1706.6067430925395,4,21,0.990107376225206,0.9951010726156438,0.9982263172651471,0.999739972303237
13,12,1286.7165691192886,7,20,0.9820130158357631,0.994011117533261,0.9984992428211968,0.9998872960568669
13,13,1155.1880691773795,4,16,0.9915278807363633,0.9967400837015566,0.9990841232433957,0.9999252876329242
13,14,1718.720088686704,7,22,0.9836348679443235,0.9923410985983739,0.9979826301703072,0.9997653902325181
13,15,1740.0276477581674,4,20,0.9916869725213123,0.9949985126831482,0.9983831231532956,0.9998917532963613
13,16,1017.9712970818296,5,16,0.9896198704120321,0.9970932361929971,0.9990861562889525,0.9999060139382402
13,17,467.3713804310606,2,12,0.9961415408364647,0.9983832110513706,0.9994434886325894,0.9999242924914539
13,18,1318.2965109084307,4,20,0.9909462840922745,0.9955151892230613,0.998334828393796,0.9998680873348339
13,19,1346.1368615257506,5,22,0.9895607600636578,0.9944866549298816,0.9979128169431247,0.9998818582570441
13,20,1446.6496992777156,6,20,0.9881460051624815,0.9936538544137742,0.9981276652759725,0.9998837733177343
13,21,1351.2382222272254,4,19,0.9916939571099473,0.9964726993755157,0.9987343935107617,0.9998852412906469
13,22,1088.494089747781,4,16,0.9929740326548995,0.997452450911548,0.9990741678978587,0.999890637146136
13,23,1373.4297647752348,6,22,0.9855568036623181,0.993713998728403,0.9979729954175195,0.9997630023473643
13,24,1148.0381137088193,5,27,0.988267843554829,0.9933428106246268,0.9971686340481374,0.9994747405765136
13,25,1081.8147777514073,3,15,0.9953001921575818,0.9977550804270261,0.9992066548502417,0.9999130637620669
13,26,1524.1468274792753,4,20,0.9915710932029161,0.995927055078278,0.9985457212595165,0.9999098161498159
13,27,1162.9303323501092,4,19,0.9909108164504722,0.9961526961256362,0.9987448690456335,0.9998172987974725
13,28,1571.610316275364,6,19,0.9862128305263098,0.9944866308697344,0.998442743589394,0.9999004014138225
13,29,1380.3805453726918,7,20,0.9805933847358717,0.9932067776834996,0.9982116622265215,0.99986802896778
13,30,1131.5677910181932,6,26,0.986723123387343,0.9929060419526554,0.9970147282412152,0.9995499096257455
13,31,1010.4229297003906,3,20,0.9926368291684798,0.9964716317551391,0.9985413788483962,0.9997982838186612
14,0,796.4022122506095,7,20,0.9814685378626068,0.9947084695222193,0.9986503723952782,0.9996790469613361
14,1,1586.9434447775106,5,22,0.9890025812012544,0.9939233597239624,0.9977512552352141,0.9997973520014035
14,2,1191.6400661210855,4,21,0.9906618100975486,0.9954649250722056,0.9982192276860034,0.9998240508011202
14,3,1071.0417040318175,8,31,0.9822267246983215,0.990900538450889,0.9958866955744843,0.9992198084255829
14,4,1085.493429218574,4,16,0.9921753772526635,0.9970614728343252,0.9990632114002697,0.9999367659650581
14,5,840.2411237816361,4,21,0.992594640564249,0.9967681112690411,0.9985514482935619,0.9997261251425938
14,6,1675.3795550948125,4,22,0.9906270945704639,0.9947498638676776,0.9979105820419552,0.999854289453742
14,7,1429.8446334413748,4,23,0.9918067161433751,0.9955045825088501,0.9979771492680088,0.9997264045622366
14,8,1276.6989677815272,7,22,0.980010524049937,0.9931333205575946,0.9977982504931134,0.9998399529430931
14,9,1108.2779171500197,3,20,0.9937944586183068,0.9966550723941229,0.9986166813604631,0.9997945969270542
14,10,1659.0556581571163,5,23,0.9887256323913243,0.9941838535202415,0.9978027241420699,0.9997886921071646
14,11,1184.2917866187058,2,16,0.9948945538104738,0.9974131015728541,0.9990752242503685,0.999873504117359
14,12,999.8732662168884,4,20,0.9919016086779175,0.9965174301945224,0.9985636140339361,0.9998121244171436
14,13,1243.7254776079462,3,14,0.9946474108499924,0.9978181900464559,0.999322026232297,0.9999309079975393
14,14,1057.0171900051198,6,18,0.9838419921673744,0.9945508737930419,0.9987658560192247,0.9999070622703672
14,15,998.856102116283,4,26,0.9901365122912112,0.9948736118434602,0.9976697758481491,0.999556630079712
14,16,752.5538845522575,3,20,0.9937031374029389,0.9968654446361084,0.9986011982547732,0.9997526711848704
14,17,1223.7008837470794,2,17,0.9944001585698498,0.9971359154038419,0.9989818778003178,0.9998909278385958
14,18,1458.5843036273386,5,16,0.9885377301356212,0.9956083392278864,0.9990080403797128,0.99991733105853
14,19,1254.1565013777026,4,19,0.9923262991830389,0.9963120944031847,0.9986515308423793,0.9998772265781093
14,20,841.9425201513816,3,15,0.9940483000000208,0.997454241601122,0.9991174383861201,0.9998592252784015
14,21,1182.7769403347502,4,19,0.9919692349802169,0.9965977574877766,0.9986704997741237,0.9998838829528651
14,22,1334.5327380849526,7,21,0.975705079551807,0.9922050888674302,0.9977968921980517,0.9998735556108161
14,23,1060.0362314660356,5,24,0.989363021516883,0.9963753560675153,0.9982554022011964,0.9995619465665787
14,24,1051.1422834938162,5,20,0.9883903273488014,0.9948314244005938,0.9983760599939139,0.9997870216871905
14,25,1136.387125636498,7,30,0.9860478786175343,0.9917653225024529,0.9961465781818584,0.9992237180630942
14,26,1128.5227793383774,4,22,0.992468150485814,0.9961056126718769,0.9983226720861721,0.9997761488367214
14,27,1140.7066764403803,6,23,0.9868450323563932,0.9936146744456865,0.9976588859626662,0.9997077325725044
14,28,1380.0808661174278,4,15,0.990657883260418,0.9963944340320664,0.99914453307488,0.9999472308597795
14,29,747.8895324866141,5,24,0.9886695080125925,0.9946256208257597,0.9976913914532964,0.9996622273858571
14,30,1401.601245505347,6,19,0.9790372544523145,0.9947874096329201,0.9987040574970975,0.9998847106817611
14,31,1196.7624414020254,6,29,0.9878593292747989,0.993265541725806,0.9969648192086232,0.9993161684598043
15,0,1543.2671904422743,3,17,0.9935875416458805,0.99695843140333,0.9989398698032124,0.9998917428406601
15,1,1173.102320861625,5,28,0.9878330270986875,0.9952377710300108,0.9976295577696224,0.9994271331138338
15,2,1120.6514056115668,4,14,0.9918513701507269,0.9974021317052096,0.9992646743692627,0.9999123551349466
15,3,1583.9381959782847,8,22,0.976815578672746,0.9905889752735336,0.9973043866718867,0.9998377476937818
15,4,1285.0829543873983,4,17,0.9902117629991535,0.9958603772605558,0.9989171282158315,0.9999260821415393
15,5,1217.250195301342,5,22,0.9899262137998996,0.9949962632581955,0.9980633549654758,0.9997316276786453
15,6,1150.9277787539668,4,11,0.9952723451067323,0.9983617478231638,0.9995254476044889,0.9999637135264648
15,7,1307.6017159110843,5,20,0.9886621276835325,0.9955181182616347,0.99853304847488,0.9998219191516869
15,8,1171.883524956612,2,15,0.995201740061001,0.9978560426708293,0.9991530010244519,0.9999089651768035
15,9,871.9057822375578,3,14,0.9930292712275931,0.9974214369247433,0.9992663241480542,0.9999102546461583
15,10,943.239217824654,3,15,0.9954880277602036,0.9979622430717338,0.9991887836760275,0.9998744463427072
15,11,530.2850664483335,5,14,0.9881475356424781,0.9956720531438441,0.9994488407964189,0.999967672973309
15,12,1462.0892189539607,9,29,0.9804066078350976,0.989401981263883,0.9956702731586448,0.9994499807424867
15,13,1463.6761173016052,5,21,0.9877211714377432,0.9944184592304323,0.9983241657533408,0.9998402214637562
15,14,1211.22117478688,4,15,0.9920895963125806,0.9970626519312789,0.9991599595641383,0.9999123254137784
15,15,1029.0780687859185,3,14,0.9960746280875324,0.9980381919676823,0.9992800612171272,0.9999386771740448
15,16,1346.979884539619,7,17,0.9778615878870563,0.993125394192432,0.9989079170839742,0.9999182994012096
15,17,1445.6887989792049,4,19,0.9904460222091154,0.9957260651717122,0.9985655995869425,0.9999027281770454
15,18,1493.6961609096616,4,18,0.9919195469420077,0.9965438915385013,0.998799199347158,0.9998950691875945
15,19,1322.3140207160743,6,24,0.9859715978049316,0.9931835210202287,0.9975692040696179,0.999753108048141
15,20,1377.380213729066,4,17,0.992005734713684,0.9965502872480112,0.9989371648345675,0.9998887955759459
15,21,1229.7108227214035,6,24,0.9840799335953103,0.9945819732805696,0.9981507394832115,0.9996268086650161
15,22,1456.547133737913,4,20,0.9913784847885593,0.9960766043394064,0.9984976204463522,0.9997973879910877
15,23,1153.4238138091432,3,15,0.9930306286016246,0.9971628906725915,0.999166008924451,0.9999004508517486
15,24,961.8744714986225,3,16,0.9947066440118447,0.9975462034582373,0.9990602363202465,0.999885954058222
15,25,1387.1535500733512,7,21,0.9815872302806757,0.9918484704113941,0.9981131025717522,0.9998987151453228
15,26,1050.0195537466361,8,30,0.9773421877055115,0.9903611802085319,0.9967420350016667,0.9992858624151013
15,27,1243.498397759375,5,23,0.9894091187362231,0.9945132912779189,0.9978238681065896,0.9997221145762855
15,28,1475.280407644157,9,22,0.9670856863336322,0.9898775984378407,0.9978786638609952,0.9997856075569551
15,29,917.8414702943378,4,22,0.9901024912624428,0.9948332684485891,0.9980810607469275,0.9997685300987916
15,30,1512.019622941426,6,22,0.98629229979008,0.9934010757550983,0.997768339149998,0.9998247616438128
15,31,1301.4895795387656,3,17,0.9932816434601415,0.9968621895913133,0.998933709167316,0.9998879777562498
16,0,1739.169283954679,4,19,0.9902668470438912,0.9951359347624761,0.9985043327158355,0.9998498032032215
16,1,1482.5053336977803,5,22,0.9880035348440097,0.9942999512914249,0.9978250381069033,0.9998135791909154
16,2,1106.3726492755577,4,19,0.9924769937624731,0.9967248370241311,0.9987243334868586,0.9998624123643043
16,3,944.7727989271318,5,20,0.987328412361261,0.9946477803667737,0.9984834802603424,0.999845054940897
16,4,787.6273995544549,2,15,0.995463443559708,0.9978333885011373,0.9991792144220233,0.9998933790944045
16,5,1094.104730935337,3,16,0.9949978405934243,0.9975584296963629,0.9990367296395889,0.9998766134437911
16,6,633.4645999069317,3,10,0.9951767112589358,0.9986542474632378,0.9995480548396831,0.9999337864319386
16,7,1391.0925320762171,7,19,0.9836757566740005,0.9936960367455802,0.9985032875491924,0.9998728097340799
16,8,1613.6684135536095,5,17,0.9882823597486253,0.996079267183232,0.998921057963031,0.9999107507006111
16,9,1040.7113749298994,5,21,0.987710580820906,0.9959201681201989,0.9983960288120373,0.9998271522424648
16,10,1434.2317735410497,5,16,0.9899473928622081,0.9972961592959506,0.9990469648133936,0.9998841068569762
16,11,1325.7559540506427,6,17,0.98347987539714,0.9962439841603867,0.9989039301871445,0.9999281553137288
16,12,1516.0759500030294,5,16,0.988680118014455,0.9967271491781884,0.9991086658861613,0.9999529433582208
16,13,1132.238090188534,3,18,0.9936588086114032,0.9971773212633758,0.9988331782828003,0.9998508448551965
16,14,920.9452870505679,6,25,0.9851020404646816,0.9948279511875466,0.997886928361205,0.9995387673762269
16,15,1352.5897463884291,7,18,0.9774505427947664,0.994284389998716,0.9987919899369277,0.9998845249447968
16,16,1442.5449195920235,6,19,0.9849448677971187,0.9953771599273774,0.9986830851489336,0.9998824090287074
16,17,1144.3155566393498,3,16,0.994555819585294,0.9974519190953288,0.9990322063832509,0.9999063865946219
16,18,1316.6910562414268,3,16,0.9943686204104689,0.9975851095109398,0.9990744122302025,0.9998613176050161
16,19,1431.0692221789823,4,14,0.9936945445056772,0.997689704771752,0.9993820004873121,0.999950062960237
16,20,1225.2622717990293,5,20,0.9872079162227493,0.9955447230649375,0.9984970852892696,0.9998079773357732
16,21,1199.9462591425568,9,29,0.977672230727737,0.9887784997418426,0.9963367591733339,0.9993759396983262
16,22,1021.2535253138568,6,27,0.9824812527919078,0.9944826430142637,0.9977394697265982,0.9994741195766923
16,23,1436.3365608552758,5,17,0.9891235281915748,0.9970851125882447,0.998995130153773,0.9999086160890381
16,24,1493.2425726567822,6,20,0.9861723737039876,0.9934548191668168,0.9983620092057084,0.9999192510332346
16,25,1711.810979180481,4,21,0.9913959909815638,0.9955267080181329,0.998286095015494,0.9998552285267077
16,26,1211.3370505640855,4,18,0.9931787647198823,0.9967474353766419,0.9988190151754258,0.9998898987789873
16,27,1675.3677303694114,5,21,0.9881058705718754,0.9941993786459186,0.9981505539057645,0.9998226872016486
16,28,1522.1374055939687,5,20,0.9879646303566603,0.9958825207575334,0.9983802732978769,0.9998358618357067
16,29,1538.1701863769638,4,19,0.9902733300584124,0.9954417463737134,0.9985895620307119,0.9998708537287723
16,30,1512.8338858527195,5,18,0.9895287247698474,0.9963321817286311,0.9988481621796429,0.9998990090625692
16,31,1148.2738003215404,4,20,0.990966768209707,0.9963612121220335,0.9985934437825204,0.999833008013751
17,0,1230.0324067058227,4,16,0.9925583103960357,0.9973859503068501,0.9990398773345479,0.999927464889458
17,1,1205.5210902771398,4,25,0.9908007333478309,0.9952382121994562,0.997829756965881,0.9995452886581295
17,2,1675.02537684639,3,18,0.9942358439848198,0.9969508851765306,0.9988447959728749,0.9999015692208592
17,3,1267.1843500069247,8,31,0.9758224087487868,0.9919789640878748,0.9963982692264339,0.9992234894042363
17,4,1659.655090424964,6,18,0.9823828092668504,0.9942839909483231,0.9988467452887708,0.9998985950385171
17,5,1091.4772458831862,4,22,0.9918667834468086,0.9962042743104843,0.9985131446880197,0.9996282226955348
17,6,1287.038673882725,4,25,0.991543856865252,0.9956233291242708,0.9979330459527982,0.9995362868063807
17,7,1631.4220212274192,5,20,0.98838049099686,0.9959232662164094,0.9985878142248472,0.9997212549883194
17,8,1031.3333370300797,8,33,0.9778718428582365,0.9906812350331239,0.9953233531084781,0.9988646325551853
17,9,1505.1132610848101,5,23,0.9889309891506943,0.9941930431087764,0.9977390595938973,0.9997696971919285
17,10,1156.3310585095633,3,18,0.9929828088525863,0.9968742521619821,0.9987910035499891,0.9998684622833536
17,11,1604.5476511288607,5,22,0.9888626157271982,0.9948118238042145,0.9980448305399654,0.9997928886769338
17,12,1461.9485731527752,2,13,0.9962283696795344,0.9982549189967171,0.9992755449212896,0.9999128919050958
17,13,1307.0691300923088,6,22,0.9873119475261802,0.9941710088165082,0.9980996603999303,0.9997378018841447
17,14,1392.8881531994928,8,24,0.9802696830522093,0.9901212545518859,0.997276617324405,0.9996515350973268
17,15,1144.4707132654723,4,12,0.9916261048214559,0.9983538963652395,0.9993841253253336,0.9999455145485731
17,16,1537.8428696929338,3,18,0.9941272774004504,0.9967965361618347,0.9988446397305695,0.9999105201489307
17,17,1628.0246547115205,6,20,0.9830881426910476,0.9939738864523767,0.9984461228265127,0.9998587479925982
17,18,1358.1870548510865,5,21,0.9884832553618215,0.9950085230133106,0.9981747464887846,0.9998310816256192
17,19,1466.011928892507,5,16,0.9864910279151561,0.9966101190275173,0.9991041125082389,0.9998882523773851
17,20,1267.5975464965015,6,31,0.9860774981717648,0.9932227009061398,0.9968459680975235,0.9992143878506538
17,21,1534.8107146568495,4,23,0.9904815150310023,0.9960092496454922,0.9981726693017027,0.9996397947332236
17,22,1608.1591192451147,3,17,0.9934441261126798,0.997117145417732,0.9989080225788256,0.999896656208349
17,23,1756.3828556265512,5,26,0.9894101654977011,0.9944970242289244,0.9976281772417268,0.9995110550706385
17,24,1262.1280595708129,7,20,0.9820974853124713,0.9937435898841547,0.998431876153381,0.9998791911116186
17,25,1673.5170425753424,4,18,0.9927576034111284,0.9969217591814211,0.9988647607250662,0.9998406094904875
17,26,1397.6480834639697,3,14,0.9952640940812526,0.9978364581846826,0.9993092262931565,0.9999580039095431
17,27,1634.2014237114918,4,18,0.9915614140128165,0.9961584618527576,0.9987295669901518,0.9998776408055758
17,28,1147.4143631430868,4,14,0.9937161371111821,0.997674669973506,0.9992880424530544,0.9999100351405524
17,29,1493.8727410335346,9,31,0.9831247355741245,0.9899092736583557,0.9959532450884356,0.999191676238723
17,30,1310.8874735733016,5,23,0.9880938361517103,0.9940911734263496,0.9979041602574876,0.9997644168108416
17,31,1489.9588000700905,5,20,0.9893667373051775,0.9948913843099894,0.9984152732155542,0.9998774424126402
18,0,1756.0652504141735,6,20,0.9837157205339169,0.995751667389185,0.9985140396635231,0.9998246922130407
18,1,1595.8507983925476,3,14,0.9962415255465543,0.9979868409028239,0.9992397802205113,0.9999271827268672
18,2,1488.4549759090096,7,21,0.9794204907664422,0.9928379116339712,0.9981345605222105,0.9998134181406806
18,3,1699.3358909630247,4,22,0.9913727602076249,0.9947880042161663,0.9981860521081273,0.9997162577957045
18,4,1383.4468739326253,4,15,0.9915102092158106,0.9976724096719779,0.9991644295376988,0.9998887597656021
18,5,1430.2479046232957,8,21,0.9737971595258085,0.990750147385405,0.99784502239047,0.9997864098663145
18,6,1688.7318921715205,6,18,0.9779645778539127,0.996333570845168,0.9988255784497173,0.9998429993540028
18,7,1641.697027251952,6,19,0.9845005943257437,0.9961230833088817,0.9987272156777659,0.999847980518394
18,8,1783.991475246857,4,19,0.9929551554398386,0.9965967743492655,0.9986277544622156,0.9997976580356128
18,9,1131.1729047063036,3,13,0.9948874050824479,0.9978171298840395,0.9993415100941638,0.9999304649602472
18,10,1188.6559557513583,4,19,0.9916328066142885,0.9961641372757266,0.9986958616508952,0.9998291372802786
18,11,1495.57828588826,4,18,0.9904210756417369,0.9967513144012149,0.9987966349001003,0.9999031556364593
18,12,1462.787142467091,4,17,0.9935299314430307,0.9966342926526459,0.9989048693099469,0.9998993463027186
18,13,1570.2421271074177,7,26,0.9827833472426446,0.9927572009485726,0.9978839705681906,0.9994991460753739
18,14,1431.525125548674,4,28,0.99064178271276,0.9949066801569562,0.9975915829481306,0.9993849367784485
18,15,1397.7824475231334,2,15,0.9947491109291647,0.9977857300991109,0.9991381763557896,0.9999169913664109
18,16,1681.591119810524,3,15,0.9950385519571803,0.9973121937886413,0.9991447769393538,0.9998738851088118
18,17,1905.1689704029282,5,22,0.9894476195116236,0.9948717256299889,0.9982977946245599,0.9996660664854498
18,18,1639.2353907014597,3,17,0.99394289758708,0.9970021042459949,0.9988651196126545,0.9998697463457886
18,19,1759.4714881330958,5,19,0.9898736511824549,0.9951974660528818,0.9986362745915822,0.9998665130257802
18,20,1821.066118186923,3,19,0.9933870648548381,0.9962840108897925,0.9986216127566819,0.9998251257076164
18,21,1559.3742431534838,5,14,0.987929808687975,0.9969610957979438,0.9992482485333913,0.9999231650816568
18,22,1333.5537347267018,4,28,0.9904468266265998,0.9959071067481985,0.9977590993328017,0.9993975322000901
18,23,1328.7906113964984,4,21,0.9907031685031272,0.9948656334437582,0.9981790918314754,0.9998451459730037
18,24,1696.4307752825257,7,30,0.9849036935374116,0.9922411778247531,0.9970118258554561,0.9992738410303851
18,25,1568.4792715920107,3,18,0.993687066074491,0.9965715149151769,0.998828252734056,0.9998898068256231
18,26,1480.6446283098594,7,21,0.9786813129964299,0.9936292186729798,0.9982970415130035,0.9998087886713432
18,27,1684.0529480307077,6,21,0.9869111371925876,0.9946235144904673,0.998247844522799,0.9998566727279358
18,28,1267.8999978225652,8,19,0.9679684854704259,0.9910277987405448,0.9986902313816566,0.9998337474259444
18,29,1916.870352397706,6,23,0.9842172555161712,0.9944948539572864,0.9980151159504989,0.9997027348480235
18,30,1468.6574024368256,4,17,0.9912691960508796,0.9961635837358244,0.9989638879575622,0.9999458209738603
18,31,1364.3207972773048,4,20,0.9913058277067278,0.9958399226047545,0.9984626254177308,0.9998107511196996
19,0,1739.6164569173136,6,17,0.9846308532153039,0.9955599613945136,0.9989602772903101,0.9998454889174107
19,1,1173.1125653240047,3,16,0.9933414176697061,0.9971036079275788,0.9990514961627289,0.9998488238695502
19,2,1606.9464319175902,7,23,0.9823895831394557,0.9920609364086371,0.9974010268045197,0.9998221408447635
19,3,1770.4621267268947,2,18,0.9940240077840538,0.996973501302823,0.9988120191359567,0.999889160846831
19,4,1284.386169736315,3,16,0.9931478743269587,0.9970074194893791,0.9990300323352428,0.9998852783274612
19,5,1497.513543129387,9,23,0.9737514083945233,0.9885554638070552,0.9977960745887333,0.9997476474614682
19,6,1607.284792296378,5,21,0.987904062817773,0.9949209625688257,0.998072230833742,0.9998275470461281
19,7,1611.5125732102847,4,19,0.9921504891683575,0.9957765082280993,0.9985577127231765,0.9998437550076095
19,8,1654.439821246004,4,18,0.9920727338535202,0.996574587219163,0.9987351176510059,0.9998641049668014
19,9,1743.349846824387,4,19,0.9932568003636064,0.9960686084551442,0.998574917202101,0.9998221002693777
19,10,1590.4470416216377,4,17,0.9917556269060321,0.9965253963454221,0.9989890465813636,0.9999177131918221
19,11,1389.9153630875915,4,21,0.990007732093979,0.9950198394793854,0.9982865787129072,0.9997550940417551
19,12,1539.2638650081037,8,24,0.9846302244334524,0.9911952733847708,0.9968896389117126,0.9997667558880075
19,13,1076.52067833949,4,19,0.9915540792857661,0.9970955725880173,0.998769979128995,0.9997329341734248
19,14,1546.2056268395497,6,22,0.9845524744224047,0.9929630126208481,0.997827596455291,0.9998239523912674
19,15,1285.8156443169032,4,16,0.9931405147331389,0.9969389825043479,0.9990036912051671,0.999952175457809
19,16,1192.7756374167066,7,17,0.9777084507087292,0.9949688385859365,0.9988745455537297,0.9998688314477157
19,17,1859.2519997319382,5,19,0.9897891886961246,0.9961898789151528,0.9985895914348583,0.9999371137735552
19,18,1292.3039713299775,3,15,0.9944234600082512,0.9976298431665064,0.9991155604446503,0.999885366371223
19,19,1521.3198086139223,5,22,0.9880905359189838,0.994090749768106,0.9978414533472992,0.9998017311912212
19,20,1853.0271739880206,7,32,0.9843276866747871,0.9919582760588433,0.9962236068833576,0.9990372737470501
19,21,1671.8084882251735,4,19,0.9909811842851408,0.995548064087039,0.9985622912048973,0.9998653106677927
19,22,1728.3660433678165,5,24,0.9870051366852957,0.9953550762970439,0.9980851617456591,0.999588075268698
19,23,1425.2442702674705,2,20,0.9938687689545085,0.9966514228778588,0.9985851081098194,0.9997195826848514
19,24,1429.5592727170715,6,21,0.9860205319869831,0.9945266791446244,0.9982042746122067,0.9998055185003514
19,25,1788.2542964591307,7,24,0.9848312232924111,0.991592073186441,0.9970334924944252,0.9998077250726787
19,26,1814.3117024001976,4,19,0.9902745934880477,0.9953582181994295,0.9985914182279165,0.9999127947620947
19,27,1229.2165220555767,5,20,0.9872534301228322,0.9953244956041334,0.9984090527252528,0.9998622537277172
19,28,1656.867283909873,5,23,0.9885395222950081,0.9944532850298929,0.9979297229299007,0.9996236736105988
19,29,1387.3350986518947,4,32,0.9904255563089136,0.9932344533924068,0.9961803735838394,0.9991171095001669
19,30,1797.8142642759049,3,20,0.9918301467965427,0.9953636076886054,0.9984381845160284,0.9997791737673639
19,31,1419.3278502951894,5,22,0.9894473359972283,0.9950353982271859,0.9980696276883263,0.9997479695839437
20,0,1424.1496076742878,5,19,0.9895125250032775,0.9956280602756711,0.9986968681160822,0.9998842942240925
20,1,1585.8475966892927,4,16,0.9931831062004436,0.9969460559671606,0.9990815909576259,0.9999141507248994
20,2,1661.6254957381716,5,23,0.9882929003316827,0.9941712109960774,0.9977261899696569,0.9997505057583881
20,3,1478.3985978937167,6,24,0.9867162094461872,0.9930970942638064,0.9970657080595762,0.9997270807651134
20,4,1551.1167052587302,8,22,0.9750479908966811,0.9924906025747019,0.9981254822527441,0.9997603786357768
20,5,1318.5085901448224,3,16,0.9940061049605904,0.9974118606023361,0.9990015459717304,0.9998939396402149
20,6,1352.574488258839,6,32,0.9859752809618569,0.9924196955445049,0.9962968388795078,0.9990998805248091
20,7,1204.7551432822165,3,14,0.9940313637653073,0.9973543948280107,0.9992070832587465,0.9998752544623379
20,8,1614.9427586723546,5,23,0.9890396704762898,0.9938677558575054,0.9975833040475449,0.9997930578339216
20,9,1534.2470504068722,6,31,0.9881125772169321,0.9926328062306404,0.9967524109888894,0.9992072582355067
20,10,1513.6015355699096,4,19,0.9926934895910804,0.9964703902669914,0.9985798845461133,0.9998478153609032
20,11,1286.1609126700278,3,21,0.9918980574778494,0.9953982280143788,0.998305057760421,0.9998534553880325
20,12,1361.5775250123631,4,19,0.9902972304177123,0.9949207977783896,0.9986145382436084,0.9998711540646856
20,13,1459.6862091019882,9,22,0.9743198381882621,0.988840095386107,0.9975593377263359,0.999803674802581
20,14,1642.5825252162565,4,18,0.9916722558526221,0.9965894116638945,0.9988222648159552,0.9998935747359025
20,15,1582.9066237135548,7,22,0.980032514003971,0.9936176595190483,0.9980327091472754,0.9998256454392109
20,16,1533.0214494820757,6,32,0.9868670320550517,0.9928111954106166,0.9963304403740956,0.9990392841621717
20,17,1794.8181958816926,4,16,0.9922222606025317,0.9965735463800811,0.9990103411842647,0.9998960378026835
20,18,1273.848032735859,4,16,0.9906850414953151,0.9973012963054896,0.9990498232532253,0.9998730207251553
20,19,1658.35143390237,6,24,0.987855787466713,0.994959446067916,0.9981379619263474,0.9996219906844676
20,20,1013.7052994954831,7,22,0.9791553551643556,0.9944353691713367,0.9981418555456726,0.9998230596821767
20,21,1165.2751995958693,3,18,0.9924168430296679,0.9967166561541954,0.9988438442813091,0.9998034488350013
20,22,1225.4145725288008,4,15,0.9927545504519178,0.9975159969758784,0.9992111482027447,0.9999446567003233
20,23,1701.7053222229129,7,24,0.9846552010380661,0.9935300075280639,0.997750451366172,0.9996026425852591
20,24,1742.032712180795,7,28,0.9831913586848461,0.9929821004931197,0.9972005960660053,0.9994179868211504
20,25,1547.202150250118,3,20,0.9918756784037976,0.9956633738906913,0.9984683588486378,0.999906264133042
20,26,1718.7775297918909,6,30,0.9843632561932033,0.9936156953402512,0.9970717602095204,0.9992977014447368
20,27,1624.0120128950127,4,15,0.9935091094838524,0.9970577928701706,0.9991741911804499,0.9999359187720807
20,28,1367.7831277020996,4,16,0.9930307938840446,0.9971617141156821,0.9991037723786291,0.9999162891039696
20,29,1544.4547790991,5,19,0.9894758807794157,0.9954312679163851,0.9985889832743946,0.9999119664423003
20,30,1508.2633331928498,5,21,0.9892398773616757,0.994618460675124,0.9982720362769854,0.9998064131606189
20,31,1304.1326155015054,4,18,0.9914157636946332,0.9967158417769678,0.9988413125444214,0.9999101558963301
21,0,1533.2611087295857,4,20,0.9903893725977676,0.9947664329047804,0.9982693193313992,0.9998358492039212
21,1,1607.55686307501,3,12,0.9962017716924348,0.9982176821806266,0.999429231114769,0.9999755870317334
21,2,1747.909456201993,7,26,0.9853416243760248,0.991522979184979,0.9967863561684439,0.9995587872383587
21,3,1746.9281196992042,5,20,0.9883521423698116,0.9949016421892678,0.9985406934501442,0.9998295669507401
21,4,1515.488643151,4,18,0.9931145037338424,0.9959908629079495,0.9987052265391201,0.9999373858955022
21,5,1638.2193901260648,3,15,0.9934540883290367,0.9971899410696988,0.9992374506013876,0.9999668689556727
21,6,1724.8156066382105,9,32,0.9815152223922172,0.9888526878618196,0.9955640901713414,0.9990540207960001
21,7,1632.1077351294448,3,18,0.99374909212677,0.9971287696576707,0.998838751590235,0.999797965505862
21,8,1735.6928273610665,4,21,0.9912031649904042,0.9955274521978522,0.998221787767634,0.9997964379845925
21,9,1718.5851553688024,5,19,0.9899773528896165,0.9952883304267526,0.9985318028109701,0.9998786914038554
21,10,1326.3533438945012,5,22,0.9895307775981907,0.9948184713352687,0.9981129570768472,0.9997557680667368
21,11,1753.6309852672873,6,22,0.9869754319519047,0.9948320437166249,0.9982027252384147,0.9997435270570876
21,12,1529.6203483609104,4,22,0.9913549691180403,0.9960425169219383,0.9983281388395975,0.9997156971625721
21,13,1529.7638308253331,3,16,0.9943684529807124,0.9971324264140927,0.9990101679222521,0.9998994763417105
21,14,1718.6038632393536,4,19,0.9921603691181631,0.9961437931566784,0.9986223832226281,0.9998127834090474
21,15,1702.925158011474,3,19,0.9928408979790828,0.9964756709596857,0.9987217651898322,0.9998777217866954
21,16,1596.8440454952229,3,16,0.993061816749574,0.9971460849695143,0.9990078124639744,0.9999245380636946
21,17,1539.2801228027433,5,28,0.9889037979976949,0.9937745045054587,0.9975120706879435,0.9994010185572072
21,18,1772.8928557864847,6,19,0.9881903125900594,0.9936910587800044,0.9984024724011907,0.9998819687144946
21,19,1654.3715556890038,6,32,0.9885426443799867,0.9929213049554813,0.9964785561899643,0.9990830348243513
21,20,1528.5830519349292,8,31,0.978035230222359,0.9906148426535833,0.9963566346479468,0.9992025110500568
21,21,1757.368512070736,7,29,0.9825524001060563,0.9920841387272575,0.9968485154865212,0.9993412736608777
21,22,1705.9934814768824,5,18,0.9872811315313695,0.9961317655991806,0.9988309329052169,0.9998594174833231
21,23,1715.7229566598473,4,18,0.9907541368730091,0.995730917949504,0.9988143887339647,0.9998403588442953
21,24,1594.8064831558768,3,16,0.9941103483624902,0.9974247913683658,0.9990975563056451,0.9999194418661456
21,25,1698.708046791337,3,20,0.9927200456211243,0.9959718928958172,0.9984571705796571,0.9998069125311319
21,26,1649.3988139471803,2,14,0.9958350540025833,0.9980487043549833,0.9993171953921502,0.9999562961040102
21,27,1586.7130954985903,5,19,0.9896228238224217,0.995039325450345,0.9985646955672977,0.9999104177827493
21,28,1544.3534382721357,5,21,0.9884673752157301,0.9951386154742174,0.9981945706270967,0.9998845041834505
21,29,1660.9830560330597,5,20,0.9888282905557982,0.9951455887977544,0.9984277356676776,0.9998957469827114
21,30,1455.2394664340839,4,17,0.9917674513653044,0.9962380776564775,0.9988711926139333,0.9999201960197059
21,31,1502.640924855663,6,22,0.985113665763098,0.9945221214641357,0.9979888907100692,0.9997951152931731
22,0,1797.554839522732,4,26,0.9901355478957179,0.9937097654508235,0.9975860646278562,0.9994840055210795
22,1,1747.2206801608586,4,23,0.990405406231942,0.9954990693185333,0.9980835614658897,0.9996874965752331
22,2,1230.829771506089,6,32,0.9879860132697069,0.9923103836001889,0.9959653584853244,0.999002383597431
22,3,1220.607014565942,7,32,0.9839382875548527,0.9920463297549355,0.9961395702456479,0.999084639411388
22,4,1600.6874459705045,5,18,0.9872591364457967,0.9962989082942447,0.9988027007302593,0.9998796461745705
22,5,1702.7988927112392,5,29,0.9890007769935473,0.9941274149833155,0.9972144604904216,0.9992902887367751
22,6,1901.8042676421312,5,24,0.9896613554756514,0.9950749625854947,0.9978379080294416,0.99966328458969
22,7,1731.8898137678666,6,21,0.9864873815467465,0.9939738217975422,0.9980674526176789,0.999801184486392
22,8,1445.72609804506,3,17,0.9922121572245677,0.9963867573289336,0.9989625174983002,0.9999360166349742
22,9,1606.3365683501877,3,15,0.9934286997049158,0.9973994504767579,0.9991632313554485,0.9999548109656572
22,10,1835.7548621833316,11,25,0.9639322625806995,0.9832337151617613,0.9964335717559542,0.9996660299322657
22,11,1237.04416098238,3,14,0.9938718670868112,0.9978691177105347,0.9992195383805231,0.9998988885256229
22,12,1587.4379449417424,7,32,0.9823802998187569,0.9916932081307893,0.9963460967208607,0.9990970529656764
22,13,1722.7859988141147,6,28,0.9877662475838953,0.9929305282707525,0.9974318421271473,0.9993785371152845
22,14,1812.6982850344516,7,27,0.9817985384829677,0.9935248152185399,0.9975931243200806,0.9994618973103074
22,15,1916.84936947521,8,24,0.978931842518894,0.9905538728014023,0.996476690301829,0.9996700700966772
22,16,1492.0192687754488,7,24,0.9859171818516185,0.9926186966728981,0.9972474426812935,0.999722811114464
22,17,1403.7118152792755,3,16,0.9934221269706989,0.9976724018071889,0.9990515751351831,0.9998924318655763
22,18,1649.2156093107376,4,23,0.9910980702000753,0.9957246618668675,0.998230359621984,0.999606113310633
22,19,1582.4998137208293,3,15,0.9939103663912636,0.9975139338363435,0.9992073606850609,0.9999582921283386
22,20,1634.8525692945327,2,16,0.9944454257296617,0.9973196229283433,0.9990981695575786,0.9999238556482059
22,21,1640.6385973200076,5,18,0.9883501312908413,0.9964872617615773,0.9987358610419909,0.999846418220371
22,22,1585.543025111174,3,13,0.9960342231682061,0.99811198940022,0.9994150128251145,0.9999660231862215
22,23,1444.2052285446064,3,18,0.993105643181751,0.9967930619771109,0.9987655069988846,0.9998801733629593
22,24,1650.907860221457,4,16,0.991433616063097,0.9966178686691146,0.9991534596920277,0.9999605419797732
22,25,1703.9110726814924,9,27,0.9755911243159111,0.9890556306587373,0.9972445284796245,0.999481264967637
22,26,1328.2378203553594,5,14,0.9869747937099073,0.9969738554905019,0.9992534342271635,0.9999090810544948
22,27,1575.34066548483,3,14,0.9951648486631645,0.9976954693341109,0.9993543121682551,0.999967331948139
22,28,1758.8431028685197,5,22,0.9882795399078553,0.9945086537783929,0.9980977458837859,0.999733625055145
22,29,1765.1937578765298,6,21,0.9869837116586565,0.9940095076401299,0.9982156993375628,0.9997953162515723
22,30,1509.1170939821843,5,20,0.9895753536293574,0.9947901939456217,0.9982929658739086,0.9998335665209299
22,31,1463.1434214591732,4,19,0.9916930592159809,0.9957518068027376,0.9985971292281369,0.9998576400757545
23,0,1672.4716208211837,3,15,0.9948116899871232,0.9973428321216293,0.9992216802976751,0.9999422515238335
23,1,1275.1302411508377,11,24,0.9717733649724212,0.9849053403016003,0.9965001748290919,0.9997679944010266
23,2,1842.7466672186904,9,28,0.9803873943511683,0.9898856129105827,0.9968596446380534,0.9994244130964868
23,3,1592.6532297560136,6,21,0.9864764845691582,0.9946043019002905,0.9985020580286827,0.9997676008972113
23,4,1584.7677929815013,6,21,0.9829477138524115,0.9944445230419732,0.9983590906366423,0.999767074003669
23,5,1851.5233170249776,6,25,0.9860800153575945,0.9934680505166248,0.9977223202445838,0.999589402658318
23,6,1722.1147245789382,6,32,0.988217072917555,0.9924820399936746,0.99628401145217,0.9990589936146944
23,7,1605.5782209572444,3,14,0.9956200184665475,0.9978655687358546,0.999345057317643,0.9999483198337338
23,8,1556.9366130661874,3,14,0.994433820433731,0.9974835426991161,0.9993217996246432,0.9999566471336966
23,9,1714.8838816292437,3,20,0.9926243373808598,0.995802276305659,0.9984597201444316,0.9998946942983912
23,10,1534.66758947374,4,16,0.991829914727055,0.9973051867837285,0.9990265671772639,0.9998780535447097
23,11,1880.399042438341,9,30,0.9765847472049357,0.9892256754737015,0.9958071731104561,0.999294747805413
23,12,1446.835805906977,5,28,0.9888159291325576,0.9944586649152094,0.9975867820368567,0.9993769952010578
23,13,1740.4181348088396,6,28,0.987520920756108,0.9937905100479075,0.9974543373283258,0.9994154196157078
23,14,1732.5944574889659,3,27,0.9915984547477055,0.9947726773982416,0.997421335875704,0.9994539349937785
23,15,1764.7719979713609,3,18,0.9924958731026202,0.9959174914993923,0.9988261206552188,0.9998923279414358
23,16,1782.1540370539462,5,22,0.9891646436125244,0.9946233580440698,0.99788716218219,0.9998336949923304
23,17,1583.360858392306,4,20,0.9910194288321822,0.9953039145199041,0.9983867618187617,0.9998500817500666
23,18,1353.8076133876334,3,13,0.9933220139635697,0.9976477396255882,0.9993713504813106,0.9999282080474425
23,19,1617.457667096186,3,16,0.9942446944812257,0.9974425956984757,0.9990890967805364,0.9999143083846066
23,20,1528.3002606499585,4,18,0.9903885643877067,0.9957009256730415,0.9986787263555965,0.9999066723328267
23,21,1762.9122298666427,4,23,0.9901725253965,0.9954498527965259,0.9981512141573545,0.9996132914682215
23,22,1757.7074353162948,5,29,0.9888383570986848,0.9938940881166156,0.9970312720690454,0.9993234120151419
23,23,1799.977202485434,9,29,0.9836922161469085,0.9894516071832036,0.9954877136880849,0.9993745265019716
23,24,1732.3877619217965,4,27,0.9910975172732389,0.9950107271927949,0.9976838184088436,0.9994612412394921
23,25,1736.345946215999,3,25,0.9918335017255441,0.9951418325272656,0.9978018908257049,0.9995402191361521
23,26,1880.884674373519,5,30,0.9885456226864207,0.9941794734606116,0.9968730211634654,0.9992297886332752
23,27,1823.43583432219,5,25,0.9899491606675453,0.9950613417265518,0.9978073564773728,0.9995662729440077
23,28,1067.0040997561678,3,22,0.9935524120955892,0.9963068234024037,0.9983815522478336,0.9996680111185295
23,29,1203.1398463637045,5,31,0.9898756821358694,0.9936211646398686,0.996796987816695,0.9991140567395171
23,30,1877.726510752239,2,15,0.9939342329742431,0.9970288720064496,0.9991371186019747,0.9999030036618073
23,31,1513.5573989051634,3,14,0.9932051823069158,0.9970736066066098,0.9994039450881035,0.9999761906531343
24,0,1690.6722772644864,5,27,0.9878938365639202,0.9943085543682663,0.9973721978767357,0.9994281509730005
24,1,1334.8677308560827,7,24,0.9835185519882378,0.9929881967089295,0.9974533841209882,0.999696961982079
24,2,1764.5297962230234,5,20,0.9890561479418789,0.9949810022495607,0.9984553114920491,0.9997708581713891
24,3,1525.943870394757,4,16,0.9934919113803151,0.9970336461534582,0.9991215598365377,0.9999603615080271
24,4,1512.6773454385932,4,17,0.9917021730787757,0.9956301597640677,0.9988542311384209,0.9999457328426773
24,5,1543.0113091550663,3,15,0.9953185183498268,0.9977757800827305,0.9991638234188451,0.9998943666216419
24,6,1547.9688531198108,6,23,0.9824508790846894,0.9940883936802637,0.997774223700165,0.9997636488191077
24,7,1593.5471126530651,10,29,0.9712842435634519,0.9874791912912025,0.9952714716061342,0.999393547755183
24,8,1516.3757413181092,4,16,0.9920376837903355,0.9964468222601657,0.9990581913540868,0.9999658158816512
24,9,1705.1923241912514,4,19,0.9910363902921606,0.9961653591506281,0.9987564878299261,0.9998234856631045
24,10,1456.9852926290596,3,16,0.9929050357627713,0.9968757781184616,0.9990419274813593,0.9998987960975501
24,11,1625.237225438415,3,15,0.9942876264335022,0.997428452492854,0.9992371263256358,0.9999362695221411
24,12,1575.2650653900878,3,16,0.9942400310977538,0.9972509507324437,0.9990117075523588,0.9998846195770168
24,13,1368.3815649936528,5,32,0.9890218903146394,0.9931849598894698,0.9961735362998978,0.9991160149023762
24,14,1490.1013471155584,6,24,0.9865679490479649,0.9941524993570555,0.9976696657218566,0.9997351777813488
24,15,1516.2283177206523,3,17,0.993378845752702,0.9966579819483727,0.9989380197793427,0.9999310276982852
24,16,1530.8637801025457,2,11,0.9957426764030253,0.9981452706750424,0.9997477796609417,0.9999864977548965
24,17,1503.0684419626614,4,17,0.9918897766676762,0.9958597965094788,0.9989510365454675,0.9999714223771305
24,18,1248.0635634068567,5,14,0.9878891822558046,0.9963365303742857,0.9992773581241275,0.99991724141752
24,19,1675.4713336781842,4,23,0.9911202491693422,0.9958908396671138,0.9982590437087663,0.9996381973413261
24,20,1843.0930102713683,3,22,0.9914895451146929,0.9948724960608059,0.9981043702701601,0.9997018350160424
24,21,1764.4761163758571,4,19,0.990052457032719,0.9961335802566755,0.9986047812183828,0.9998111434907743
24,22,1771.2540815227956,5,26,0.9874694150498556,0.995164604383715,0.997605806816048,0.9995401011827432
24,23,1058.2679033457475,3,12,0.9951801365630828,0.9981265926787007,0.9994442229860389,0.9999460429044646
24,24,1360.6674752349504,4,20,0.9904169931829595,0.9955306508661321,0.9984732046497853,0.9998821586405066
24,25,1700.1239265391976,6,32,0.9875129887588523,0.9938127151248098,0.9967414267878884,0.999073667791683
24,26,1788.0941157580191,7,23,0.9841784881520844,0.9927736150443697,0.99748452786461,0.9997246604158241
24,27,1687.9893037380798,5,25,0.9877369137128571,0.9948425975846878,0.997804096300937,0.9996007534828862
24,28,1770.1931381512445,5,24,0.9890162161240428,0.9950692217071544,0.9979004824735854,0.9996116921588856
24,29,1494.395494034618,4,16,0.9920112564808594,0.9968495540441522,0.9990601635728935,0.9999191222067684
24,30,1395.2143964537408,3,17,0.9931154018173238,0.9968236228088356,0.9989526337777562,0.9998823933674096
24,31,1495.3113507898815,7,33,0.9866484190984539,0.9917965542715526,0.9957829807293246,0.998911419852893
25,0,1550.818779082928,5,20,0.9899071761272685,0.9949500261210676,0.9983204865976569,0.9998711258732614
25,1,1754.1914106289512,4,21,0.9913845257915025,0.995610146809271,0.9983121087784146,0.9997439818878943
25,2,1730.5467732790712,7,25,0.9841638557766212,0.9937806365872113,0.9976586779494921,0.9995376971961465
25,3,1347.7777908405774,4,17,0.9912151067472376,0.996042620861564,0.9988906220734816,0.9998996812473799
25,4,1821.688751841909,5,25,0.9896361844652323,0.9941595073497649,0.9974772252789406,0.9995781846994828
25,5,1531.1960228451635,6,22,0.983648870107659,0.9950883542631614,0.9981033820669266,0.9997782996581068
25,6,1829.6030317024438,6,23,0.9876973771810181,0.992555081901016,0.9977027596034386,0.9997230442523464
25,7,1464.7049360604708,2,21,0.9956730571220246,0.9971488703616638,0.9985242861915553,0.9996320033305325
25,8,1865.4319822980497,4,18,0.9906014316430278,0.9952541539211833,0.9987586955606935,0.9998531964406646
25,9,1615.0342971428868,4,20,0.9903376058656297,0.9966279034606853,0.9986092681091793,0.9998031365365578
25,10,1745.6327559856097,3,22,0.9927034708679987,0.9962034478732774,0.9983557147869218,0.9996768408841014
25,11,1486.1722771131488,3,17,0.994429015880648,0.997337398842352,0.9988913707104169,0.9998984151432669
25,12,1652.0625901503654,3,20,0.9921638062216481,0.9967059384378939,0.9986270011258204,0.9997808556991958
25,13,1839.6276563296321,7,27,0.9855182461231794,0.991072346980475,0.9963352090918537,0.9994466157160964
25,14,1770.4951496877436,5,22,0.9898894366313548,0.9948236711958237,0.9978599606316362,0.9997215106856742
25,15,1764.6379706928315,6,31,0.9869778653720935,0.9930831356350557,0.996555946464719,0.9991324347258989
25,16,1490.7772798487313,3,14,0.9956040077736258,0.998083274767255,0.9992830286334919,0.9999148407433783
25,17,1534.3500571172335,3,14,0.9954969172056375,0.9978814186720006,0.9993954674967519,0.9999660201102436
25,18,1808.1781214777284,7,29,0.9841987044154763,0.9926749032155995,0.9971473909334108,0.9992917191342787
25,19,1789.225769525289,9,33,0.9763790158097009,0.9885916085996277,0.9951253349242991,0.9989332479972651
25,20,1802.6034450174534,5,23,0.989143918345172,0.9936557858152658,0.99796948229296,0.9996163374905701
25,21,1575.8205684722975,3,11,0.9955987260902216,0.9981158711232341,0.9995655944592315,0.9999778695845273
25,22,1250.5302167160469,3,11,0.9964352505191647,0.9985348912665598,0.9994813024280323,0.99995495433952
25,23,1502.7708517390752,3,16,0.9937002435103311,0.9969403896295396,0.99906282724391,0.9998759628890144
25,24,1759.4554810465215,5,22,0.9899415490695929,0.994811999075839,0.9983727056066445,0.9996682837727435
25,25,1736.813892189316,4,18,0.9901298611957791,0.9954370354713457,0.998713600632431,0.999840223238976
25,26,1702.4601117071797,3,18,0.9936642812782053,0.9967587216856255,0.9987716237697908,0.9998509095759792
25,27,1802.2822344523813,6,25,0.9872483096775219,0.9924659028567095,0.9975300307570902,0.9995997983287107
25,28,1476.8300452464796,8,25,0.9818919269604187,0.9912242024655037,0.9968922763194772,0.9996324889445491
25,29,1690.6505516440077,7,33,0.9857787102388295,0.9918711234220772,0.9956838648367071,0.9988597435027692
25,30,1660.7629409002534,6,28,0.9872398162029284,0.9943589780537027,0.9973470286523265,0.9994033086360796
25,31,1672.2310279979324,4,26,0.9916831339842547,0.9951599196171766,0.9978056956602137,0.9994982819615406
26,0,1801.3925392499905,4,23,0.9910441262367959,0.9945768553899602,0.9980109601697735,0.9996427430564414
26,1,1828.5170559362145,5,24,0.9888311674232882,0.9937210804479746,0.9976129200961982,0.9996656495138657
26,2,1379.6807896754785,2,17,0.9947214828560095,0.9975024225046919,0.9989756705264581,0.9998692779350716
26,3,1518.7969180954817,3,13,0.9961901774300884,0.9981217532508307,0.99945946610779,0.999945765957699
26,4,1075.3621029083556,7,24,0.979631103041144,0.9931999442297225,0.9978984223980987,0.999726445823451
26,5,1751.087394378401,4,24,0.9901888195054829,0.9953473368533117,0.9980576792317616,0.9995969937634531
26,6,1806.2108732218749,11,31,0.9681441646608944,0.9850132482868011,0.9950661070077959,0.9992177259569464
26,7,1743.9492457559675,5,22,0.9893170666297839,0.9939477286562992,0.9981838281335395,0.9996711637464836
26,8,1739.2374242664096,7,28,0.9829227722287855,0.9928309458176765,0.9973413894046042,0.9993789713304446
26,9,1499.9356748503974,4,17,0.9916343286859707,0.9967794368530715,0.9989951863233418,0.9999296495610592
26,10,1303.759698466253,4,17,0.9905745542670856,0.9968817893668817,0.9989964455734672,0.9998902197225249
26,11,1765.682549768245,5,30,0.9879224912399633,0.9938747193609127,0.9970047052270362,0.9992414250832591
26,12,1930.9841442092613,7,23,0.9865734299688873,0.99192336400996,0.9972113711602533,0.9998165230741044
26,13,1603.1171018773039,7,22,0.9798552911905765,0.9924835023960322,0.9978548637639005,0.9998115531641723
26,14,1066.8881809947877,4,19,0.9915587438924776,0.9963066909288044,0.9986418624668261,0.9997855436856591
26,15,1302.204843856894,3,18,0.9927696273760057,0.9970113604306247,0.9988392467275001,0.9998300244859352
26,16,1742.8077885237922,2,20,0.9935928618901653,0.9964238356302149,0.9985557580096269,0.9998281469182874
26,17,1819.043358343622,4,20,0.9916647183753425,0.996027323931144,0.998457365884097,0.9997550295274445
26,18,1785.3261044264327,7,22,0.9850163588159364,0.9930803378494251,0.9978073949884504,0.9997214472752425
26,19,928.1926929455973,8,34,0.9839812397058122,0.990089014142863,0.9945713563121448,0.9986556555475776
26,20,1879.13077589473,7,23,0.9836628336058498,0.9937853233423037,0.9979946174080705,0.9997660241468235
26,21,1393.0384090569714,3,20,0.9924033845095082,0.9958989296843498,0.998471076873602,0.999901498281253
26,22,1664.9946748618368,13,28,0.9412607380121558,0.976786937269642,0.9941794547309101,0.9994283164044364
26,23,1648.1171538162246,5,27,0.9887936178979646,0.9946495899325828,0.9973724264211533,0.9994248236334393
26,24,1359.1399805304422,3,17,0.9945145572322113,0.9971976187746825,0.9989971904099895,0.9999079418272726
26,25,1440.9961536743047,3,16,0.9928350141770848,0.9966194007826801,0.9990308589692609,0.9999433161000831
26,26,1447.5356079671442,3,12,0.9955275138444133,0.9982576000357483,0.9995050932907221,0.9999807299602594
26,27,1400.4536208527438,6,20,0.9866533164437441,0.9941190364210213,0.998298454761119,0.9998839030084025
26,28,1145.7044890576087,3,16,0.9921863773412188,0.9969302310019317,0.9990879610413063,0.9999556025707285
26,29,1269.3551946891598,5,20,0.9896766645295234,0.9953747338454895,0.9983713848759698,0.9998492519300167
26,30,1511.97948859199,8,26,0.9827422093217064,0.9903446088022914,0.9967839955554033,0.9995518017438497
26,31,1800.1899892697813,6,21,0.9867504985424465,0.9943294091058812,0.9982943171351175,0.9997374570184079
27,0,1769.6934058095494,5,25,0.9899840319397046,0.995446848406619,0.9980089991716797,0.999548271519833
27,1,1811.0249616325762,3,19,0.99183302293481,0.9962628280953035,0.9987350373423551,0.9998344707927599
27,2,1348.5083032036873,4,17,0.9919159170309522,0.9963252119559863,0.9989849774179869,0.9998652028272205
27,3,1728.4794414770245,5,21,0.989125427007028,0.9949015109434524,0.9982789340984431,0.9997359334160988
27,4,1663.053370303318,3,17,0.9953423441870464,0.9970190205292498,0.9988656516061952,0.9999144071621463
27,5,1800.6788251563655,3,16,0.9924791073546555,0.9964895035955567,0.999081393647569,0.999867238978429
27,6,1513.280203948262,6,21,0.9861649673684924,0.9958181555019847,0.9983109777057969,0.9998247484684382
27,7,1570.4897054414434,5,21,0.9888095959865143,0.9952961316029845,0.9983864355264249,0.9997853848849906
27,8,1629.643778754828,5,29,0.9888596894783405,0.9947022899756093,0.9971326465627818,0.9993164215095762
27,9,1791.6096643951178,7,27,0.9836939572206551,0.9918089427375181,0.996629472058492,0.999497038713369
27,10,1760.24419937844,4,20,0.9930168844029865,0.9962850585583124,0.9984424423542044,0.9997826844739895
27,11,1747.214895691665,7,33,0.9862967247077872,0.9912332465986062,0.9952896328104819,0.9989123770927205
27,12,1333.8444975096356,4,14,0.9909111817406127,0.9976783639909769,0.9992693355787827,0.9999140055581587
27,13,1772.591104016573,2,23,0.9935250810660264,0.9961219396376169,0.9982324097304583,0.9996229250099415
27,14,1655.288990496598,3,16,0.9942384805704673,0.9968877282677111,0.9990835981830494,0.9999168564618078
27,15,1570.0880671318184,6,19,0.9799041856761114,0.9949468062620658,0.9986270303124273,0.9999029678337747
27,16,1252.526061087927,7,21,0.9786462552376252,0.9926259020378482,0.9981398411223142,0.99980697284308
27,17,1486.7088459915485,7,22,0.9836335597510387,0.9921257435136842,0.9976908645924055,0.9998117636578981
27,18,1629.929518822286,2,17,0.9944538454109672,0.9974666576330972,0.9989535825377233,0.9998043141291172
27,19,1678.2306204472327,3,19,0.9930832060119179,0.9964720284217929,0.9985805682960598,0.9997209092968408
27,20,1648.77038891369,3,25,0.9913509762061984,0.9946993148821416,0.9976446598270086,0.9995505482602048
27,21,1748.5608280113747,4,25,0.9915607467130034,0.9959201127404728,0.9979762095383643,0.9995433310904952
27,22,1685.093785735248,5,32,0.9895361961418564,0.9934419691381037,0.9965074136775155,0.9990248614622995
27,23,1699.2249387849738,4,30,0.9914730866690169,0.9953569918620292,0.9973495643838381,0.9992877675512308
27,24,1882.3562900019792,3,16,0.9932862895169751,0.9971526429902119,0.999000801968204,0.9999338519465698
27,25,1696.547258796518,2,20,0.9942776922250646,0.9964509518276,0.9986095647598248,0.9997366674889415
27,26,1746.9880558965847,5,27,0.9886720162968653,0.9950408089826617,0.9974921043046135,0.9994443581475515
27,27,1513.2506688039348,2,16,0.9941013052464199,0.9969515288136667,0.9990956536222769,0.9999200055810049
27,28,1653.7914706315962,4,22,0.991163278819304,0.9957491412740124,0.9982361258430255,0.9997240016841219
27,29,1492.0702040008725,3,16,0.9926154188095991,0.9966985030599878,0.9990011401395652,0.9999164718918473
27,30,1629.2322762138097,2,28,0.9935455891717088,0.9958124047603646,0.9976817808278392,0.9993951923476452
27,31,1933.6985576037569,12,30,0.9691394879635883,0.9830928615712394,0.9940085107167768,0.9992710789539659
28,0,1755.5803195354488,3,18,0.9921894720305181,0.9962157311704236,0.9987924837397514,0.9999087120848449
28,1,1742.2131819840265,1,15,0.9958675547365041,0.9976580099643658,0.9991097223254369,0.999852509160224
28,2,1617.2386677332738,4,28,0.9900404193858141,0.9946813120320914,0.9975253239849508,0.9993937636577187
28,3,1425.4550105456065,3,19,0.9923006424427127,0.9961852039068559,0.998609900021278,0.9998436280125955
28,4,1798.0500499316706,5,20,0.988415086458519,0.9943796472246824,0.9984991268593473,0.9997616031116241
28,5,1871.8045583293047,7,24,0.9850197320762311,0.9920501567416662,0.997137981874137,0.9997082204652258
28,6,1526.5896877901134,3,19,0.9922436038131357,0.9962043148075527,0.9986835918540735,0.9998478980746027
28,7,1189.137088902363,3,17,0.9942683242014881,0.9973306003412385,0.9989616827625796,0.9998354257977146
28,8,1738.2545324952066,4,19,0.9906732354655615,0.9956649765981145,0.9986820218948048,0.9997910770083793
28,9,947.503719783195,3,10,0.9969852409212051,0.9986748362927308,0.9995730941291996,0.9999536560694722
28,10,1665.8299702331815,6,19,0.9863528958527933,0.9954121201263528,0.9986254920969587,0.9998512800794023
28,11,1545.011150439284,5,30,0.9884050668694747,0.9947575406648926,0.9973330100777815,0.9992171178117624
28,12,1817.2793217882645,4,27,0.9911054954980839,0.9949290893059741,0.9977466069513204,0.9994098197540311
28,13,1065.2521779027288,4,25,0.9900599341678293,0.9951219587764203,0.9978775353724783,0.9996059412883381
28,14,1445.190568310064,3,19,0.992311111181896,0.9962018766132634,0.9986985229873975,0.9999380165043034
28,15,1695.5621943687706,4,17,0.9909757586425229,0.995821939469955,0.9988923212274234,0.9998722339537883
28,16,1777.7587629660952,6,22,0.9847053265967957,0.9941325258137834,0.9980903803618286,0.9997885838107012
28,17,1546.5179677988604,3,22,0.9924425225928398,0.9963913707351542,0.9983424103608568,0.9996684582514744
28,18,1215.50809930036,3,27,0.9933567899150493,0.9963058056240555,0.9979359682190405,0.9994130583106519
28,19,1614.4937044968888,3,25,0.992334779183078,0.9954670717153322,0.9978804796489887,0.9995503755446844
28,20,1693.6533254112965,4,18,0.9916953787573805,0.9966549051022001,0.9987532588245874,0.9998816787632254
28,21,1676.3905991030683,3,20,0.9924813228779473,0.9959961710793495,0.9984741010321035,0.9998873932134351
28,22,1753.5306290482215,6,28,0.9875645616096026,0.9934372802134561,0.996787434079497,0.9993830372510748
28,23,1361.2311524215224,7,19,0.9762843909437758,0.9932282183313977,0.9985821558794813,0.9998554371543763
28,24,1853.1495915876073,4,22,0.990770183141462,0.9949493693782487,0.9982076617603545,0.9997696014360186
28,25,1076.750017565908,4,18,0.9918059300542401,0.9969863246681787,0.998875586171877,0.9998444166716492
28,26,1762.8264525356358,8,21,0.9772249702244878,0.9907479142917452,0.9979332872281252,0.9998136624107324
28,27,1744.6927553205182,3,18,0.9934535024689737,0.9964065816913479,0.9987548293218309,0.9998162468253556
28,28,1710.9928520032881,3,21,0.9936110870503867,0.9964225954387934,0.9984767923700386,0.9996983929081296
28,29,1692.773508777412,11,35,0.9707865148124306,0.9863124069673546,0.9937689174387584,0.9985856852883479
28,30,1654.9174020712146,7,34,0.9876879989597747,0.9915479212306433,0.9953284421733117,0.9987428275235773
28,31,1816.1670222122748,2,20,0.9944502849327904,0.9966393769197035,0.9985486478942883,0.9997539796337254
29,0,1769.1400442736497,4,19,0.9913959207323105,0.9951146553418319,0.9985844153666997,0.9998794776549814
29,1,1754.709781928473,7,25,0.9845692782547871,0.9926918278878419,0.9974112468427566,0.9995620822318917
29,2,724.1937184111664,3,14,0.994747523229505,0.997944873531419,0.9993047982383314,0.9999158746055077
29,3,1597.7294976633275,4,23,0.9914176326951867,0.9956038157260723,0.9982614784855645,0.9996443197170316
29,4,1465.525204344388,3,13,0.995749838908584,0.9980214533053366,0.99929288112005,0.9999303341448047
29,5,1363.0872690865522,3,22,0.991963685682709,0.9952738768168132,0.9981697323578741,0.9997726137140946
29,6,1725.988541475643,2,17,0.9950317920572558,0.997589129768214,0.9989550836298905,0.9998048486960198
29,7,1753.7144702676026,5,26,0.9898312991034701,0.994152549049878,0.9973812153747037,0.9996064286927999
29,8,1459.5530185746288,3,18,0.993541458692568,0.9965225049833435,0.9988023509087567,0.9998437353187667
29,9,1137.4650984894643,5,21,0.9891032115744225,0.9944642648562921,0.9980288075621636,0.9998521871613795
29,10,943.5864159815354,3,13,0.9941848966753806,0.9979153980736364,0.9993086898909992,0.9998983655443691
29,11,1607.7858356630863,3,18,0.993938583795858,0.9968030107877831,0.9988507432382387,0.9998519854696027
29,12,1341.832200261033,4,22,0.9905601133677041,0.9956783942264233,0.9983027366066951,0.999631736654508
29,13,1313.9425456287286,3,16,0.9938286689819442,0.996940610656053,0.9990441718478194,0.999929249123633
29,14,1858.8287924084304,9,26,0.9793660640039175,0.9892248398503233,0.9952782713213997,0.9996717939795163
29,15,574.2362107135193,3,22,0.9943780837051731,0.9967707899342592,0.9984734338387272,0.9996633658725778
29,16,1743.8216864886815,3,15,0.9948577180039513,0.9974322120013991,0.9991312189274323,0.9999032183292657
29,17,1720.7497406595053,4,27,0.9913943036949278,0.9950074398542879,0.9977527592190281,0.9994417575634518
29,18,1283.3692272594074,5,24,0.9897103782578202,0.9940129295420056,0.9974798852581254,0.9997298768719243
29,19,1258.0870903875327,3,18,0.9926375605304371,0.9965565980512975,0.9988417163567415,0.9998783396533796
29,20,1334.6048767041339,3,24,0.9923254166375917,0.9951083432142347,0.9978639994178011,0.9995996850775452
29,21,1257.3803914321074,3,15,0.9949925907140966,0.9977068441115203,0.9992041512896187,0.9999161602110378
29,22,1670.103320572266,2,21,0.9937757841722599,0.9964077556276515,0.9983791916452417,0.9996858624217356
29,23,1548.5382954861382,4,23,0.9920169205764856,0.9958981986240331,0.9981548725305838,0.999663097458397
29,24,1383.9627496303,3,20,0.993161763814166,0.997131570000537,0.9986630140867748,0.9997215449450386
29,25,1771.7393171602635,5,21,0.9892430967307045,0.9939304077347213,0.9981957346516076,0.9998099345376249
29,26,1166.3705101769574,3,13,0.9954329380056597,0.9981521175238128,0.9993444458071097,0.9999306452433919
29,27,1779.1136392852534,3,17,0.9921768633482609,0.9961782689742045,0.9989082458876487,0.9999093818058008
29,28,915.7749404991466,3,17,0.9931272192428579,0.9969880425110038,0.9989706276326089,0.9998659110838775
29,29,1624.6032847430802,7,23,0.9779059657963269,0.9918229246311276,0.9977731822374726,0.9998002594292583
29,30,973.6472088481133,4,14,0.9920858341276427,0.9972435005557747,0.9993214316582298,0.9999176817732938
29,31,1466.0816032036842,9,28,0.9814830482323949,0.9890664656311874,0.9962213477979704,0.9994212991949424
30,0,1740.5402677042018,4,20,0.9914616315028097,0.9958587562956589,0.9985171366114705,0.9998419118641863
30,1,1329.2929050271887,5,22,0.9886138312590432,0.9942487503841321,0.9980555057312669,0.9997785283966958
30,2,1430.1315286190074,5,17,0.9893641374405393,0.9971133944821514,0.9989781780448598,0.9998588202563007
30,3,1698.4035550777537,3,26,0.9919276636452447,0.995544883844474,0.9980733915370853,0.9994891116177044
30,4,1644.5622791568057,3,18,0.9935976343461381,0.9967880488060273,0.9987538587895662,0.9998766485721765
30,5,1585.237549164423,2,15,0.9950917453854446,0.9974865524976396,0.9991333226031918,0.9999300062152559
30,6,1714.7441254689247,2,18,0.9942673134863486,0.9969428059658186,0.9988630970477612,0.9997960597475297
30,7,1366.1060630092459,3,16,0.9942361896936908,0.9972383477038752,0.9990459297157789,0.9999269699445126
30,8,1733.7047730768618,2,18,0.9945543976439308,0.9971382421871032,0.9988701743126358,0.9998800769858373
30,9,687.76788496479,4,28,0.9904591273665146,0.9946971648478699,0.9972682896827733,0.9994004794287004
30,10,1463.7738544168672,2,13,0.9962201086695536,0.998076812450372,0.9993997725227687,0.9999497750456621
30,11,1809.9838673105528,4,31,0.9904554440185078,0.9938496049237641,0.9966424316678981,0.9991380244626822
30,12,1236.8375524380042,3,16,0.9930591972790231,0.9969625613277362,0.9990242552887905,0.9998523019163417
30,13,1951.1301989339968,10,27,0.9646566323588363,0.9861421513305754,0.9964234842673555,0.9995556252681387
30,14,1273.7315707616078,2,15,0.9959368101817634,0.9977992355057341,0.9991651728315447,0.9998959609083904
30,15,1481.577738327604,3,29,0.9928495529394553,0.9953885926209993,0.9973771904215024,0.9993029163457222
30,16,1821.3883137431985,6,22,0.9865813702120637,0.9940977846766487,0.9977967324242566,0.9997612437002319
30,17,1856.8601962226173,8,25,0.9766711776247985,0.9912708584592231,0.996881129903987,0.999691898006434
30,18,1811.994887463567,4,29,0.9901532834656608,0.9950781446651807,0.9974538441670415,0.9993830545539504
30,19,1702.5377196356067,3,18,0.9935451838359217,0.9966405652978501,0.9987425094006813,0.9998249261315091
30,20,1803.0160200458258,1,14,0.995667245682487,0.9977315373106529,0.9992386348453227,0.9999402664141591
30,21,1714.7313786648413,5,23,0.9881969482969797,0.994270927877957,0.9977517253995587,0.9996676574275206
30,22,1772.8207772224869,2,17,0.994009633501455,0.996757146220626,0.9989780161845273,0.9999134204603666
30,23,1699.0413471973918,2,19,0.994914613219848,0.9973486194357275,0.9987708288099867,0.9997759508802152
30,24,1509.0031158461402,3,24,0.9923289788446062,0.9958713020353223,0.9981758783287505,0.9995854084554969
30,25,1304.299337380417,2,17,0.9943877444230076,0.9973467632938645,0.9989750401376338,0.9998644540553255
30,26,624.4362370113332,3,12,0.9946822628393189,0.9981371602953778,0.9994782032821591,0.9999213005446738
30,27,1750.749673355942,6,30,0.987230098606287,0.9928761384730409,0.9964837855964638,0.9992867094348206
30,28,1700.62353362917,4,21,0.9914803709926878,0.9956873221962512,0.9984890734449553,0.9997485974443957
30,29,1792.360969579136,3,24,0.9922483539294913,0.9953075655890914,0.9979619282399306,0.9995733442640397
30,30,1739.8366682360754,3,24,0.9921401812760274,0.9954931668374638,0.9981155097108195,0.9995784443909991
30,31,1808.2398255449498,4,22,0.9903083924324719,0.9950403756063501,0.9982124260212426,0.9997100116162932
31,0,719.818482400324,6,17,0.9862927156471928,0.9960334917801668,0.9988874596558548,0.9998983257011995
31,1,1043.3629833989305,6,25,0.987263897864629,0.9928724996432731,0.9971354261244936,0.9997182314762513
31,2,554.0768769027923,7,23,0.9806454234164946,0.9920110807174928,0.997326805561369,0.9997363655610285
31,3,973.8094876024564,4,18,0.9907824187079451,0.9968481036414821,0.9988348909899211,0.9999159920994407
31,4,159.06749999525965,3,13,0.9954492877997225,0.9979625895460363,0.9994159507065409,0.9999476974240641
31,5,980.2651555775299,22,38,0.9456881106425662,0.9707532548838448,0.9856843476077005,0.9962940621930292
31,6,513.7892741549457,9,31,0.9791136429070062,0.9895579868359096,0.9958032107531954,0.9991956346408959
31,7,971.4813133833595,10,30,0.9783360277566744,0.9874170599760945,0.9950330978537092,0.9992891660122886
31,8,1335.415860887304,10,28,0.9775100234904495,0.988308909509307,0.9953605660094169,0.9994414845204105
31,9,735.9610666200876,8,31,0.9829469441024768,0.9906441126053185,0.9958685904018244,0.9992074465413628
31,10,1049.8183022817589,12,36,0.9735128448339953,0.9854349022604877,0.9930874817501117,0.9983025192479332
31,11,441.8956971273795,8,28,0.9756082983717856,0.9902522150592405,0.9968308222175675,0.9994274642699412
31,12,784.4201436467192,10,30,0.9787155510672279,0.987935142435997,0.9945053205741614,0.9993073345126023
31,13,876.4543059513448,5,17,0.9898324275191208,0.9962530815347141,0.998975233470479,0.999913608684196
31,14,545.3033774520698,4,21,0.9922517560106442,0.9966985260212288,0.9986019061036405,0.9996999979340956
31,15,614.6349753387028,15,35,0.9510255849884414,0.9773801021733615,0.991553260710443,0.9984679913402709
31,16,906.7233932817585,2,13,0.9956509735369673,0.9979596469201153,0.9993591978229402,0.9999398445303104
31,17,665.1597800634987,5,30,0.9888062062266125,0.9934741331875445,0.9968222310281388,0.9992703881455409
31,18,1019.7914674925781,13,36,0.9720101065171802,0.9842639352731374,0.9931280737720366,0.9983681043076659
31,19,758.8865279435871,5,30,0.9884569335004817,0.9933406808598525,0.9967370972846072,0.9993098709224819
31,20,1067.6644681131331,8,26,0.9796548539792935,0.9905956368836155,0.997021946540607,0.9995440053466712
31,21,940.2705052319342,7,24,0.9833192629460213,0.9925391774728409,0.9972622354382022,0.9997004709488984
31,22,1086.4135440676032,3,24,0.9933971396511074,0.9961898297917094,0.9981716614513997,0.9996008502567441
31,23,1245.857602462202,9,26,0.9838340950614173,0.9897600443215507,0.9957498947996906,0.9996060651795051
31,24,344.8440353842713,6,23,0.9857436568793411,0.9942671065869247,0.9980127770323655,0.9996818641449934
31,25,1065.7277818156808,10,26,0.9797972529199989,0.9881186835290178,0.9954583351509626,0.999561864773733
31,26,971.4013645203352,4,17,0.9919181008987027,0.9964945466388928,0.9989578176106599,0.9999303634305682
31,27,203.78528301971718,6,19,0.9869440483345789,0.9943521786990419,0.9986057220101107,0.9999186455314386
31,28,730.5954137067088,3,26,0.9925057241947866,0.9953609102020337,0.9976004926156917,0.9995249764581974
31,29,818.5911850855125,11,33,0.9770916026084936,0.9873679935706529,0.9942986544237656,0.9989239783579302
31,30,822.8471706582872,5,25,0.9896714876452054,0.9951232759356466,0.9978151182724747,0.999538096967692
31,31,1055.3627812273182,6,20,0.9865447147263442,0.995784200770504,0.9985780826949175,0.9998433997734019
