layer,rho,arm,p,mse_w,mse_u,rho_s,rho_s_u,n_seq
0,0.25,EXACT,64,4.318157317842464e-06,6.604646787644608e-06,1.0,1.0,64
0,0.25,NOPE,1,344.74029934965074,1061.2445221617818,79835048.60399522,160681495.35976166,64
0,0.25,OPT,4,21.275934527162462,16.891685235139448,4927086.477199685,2557545.5854412876,64
0,0.25,OPT-unw,4,170.55408322648145,30.673393067379948,39496959.15935216,4644213.998659403,64
0,0.25,PR-hi,4,319.81120611168444,1026.563381575048,74061962.6779776,155430474.11641338,64
0,0.25,PR-en,4,240.25211432250217,610.6448545893654,55637647.41265666,92456852.61045392,64
0,0.25,PR-2n,4,240.94399749161676,610.6958489725366,55797873.897749215,92464573.59611912,64
0,0.25,FOLD-mean,4,191.91386844892986,295.6243614165578,44443463.80247634,44760056.20309414,64
0,0.25,OPT-joint,4,18.848422946583014,15.907590042479569,4364922.711060581,2408545.1582722166,64
0,0.25,OPT-layer,4,32.151085813500686,16.787561677920166,7445556.85376575,2541780.3885174994,64
0,0.25,OPT,8,9.664993708131078,8.743640878805309,2238221.7683908106,1323861.9959453612,64
0,0.25,OPT-unw,8,102.55481635360047,21.52255043690093,23749671.168729268,3258698.175527482,64
0,0.25,PR-hi,8,297.75433153193444,990.441396269016,68954025.89934015,149961296.66189668,64
0,0.25,PR-en,8,179.00502364803106,400.8079111422412,41454030.15040444,60685745.056349926,64
0,0.25,PR-2n,8,178.6559496158734,404.05396586982533,41373191.494824365,61177225.49912797,64
0,0.25,FOLD-mean,8,108.18681829469278,154.30915557057597,25053931.64988893,23363725.651346557,64
0,0.25,OPT-joint,8,9.394088117900537,8.597249541300698,2175485.38101762,1301697.0956544832,64
0,0.25,OPT-layer,8,17.54847273560881,11.473664145654766,4063879.901526325,1737210.8629819064,64
0,0.25,OPT,16,3.913290879696433,3.6832571496306628,906240.9244625855,557676.6279948499,64
0,0.25,OPT-unw,16,42.55829279313912,15.005834983137902,9855660.565512482,2272011.7313782014,64
0,0.25,PR-hi,16,252.6503922669217,895.2404029686004,58508843.858694024,135547052.2122905,64
0,0.25,PR-en,16,105.65676453337073,209.7678853473626,24468021.13873919,31760651.5672841,64
0,0.25,PR-2n,16,105.23591838590801,214.03280791500583,24370561.47794272,32406397.313388444,64
0,0.25,FOLD-mean,16,58.611427856085356,86.1664395427797,13573249.778072035,13046335.756209143,64
0,0.25,OPT-joint,16,3.7038317611732055,3.7556324774013774,857734.3270633314,568634.8715009384,64
0,0.25,OPT-layer,16,7.038351729846909,6.173370493153925,1629943.3327184964,934701.0811694765,64
0,0.25,OPT,32,0.39303369965000456,0.4578581433825093,91018.84686461146,69323.63805419997,64
0,0.25,OPT-unw,32,14.487331157419248,6.614701175327355,3354979.9349732213,1001522.3202702611,64
0,0.25,PR-hi,32,119.51034336071461,526.4885225561447,27676236.543514144,79714864.31962617,64
0,0.25,PR-en,32,31.440744572202675,50.68574088963214,7281055.843493868,7674254.584582868,64
0,0.25,PR-2n,32,30.463688785559498,50.422142235096544,7054789.0091184685,7634343.494253447,64
0,0.25,FOLD-mean,32,22.957512456108816,44.30512323131552,5316506.733381213,6708174.51043675,64
0,0.25,OPT-joint,32,0.37523155342933023,0.47543085604866064,86896.2211911288,71984.29701616366,64
0,0.25,OPT-layer,32,1.0807654107829876,1.2858320807590644,250283.93623300974,194685.97218014533,64
0,0.125,EXACT,64,6.061737884266449e-05,7.434060038269408e-05,1.0,1.0,64
0,0.125,NOPE,1,344.74017722625285,1061.2445760071278,5687150.843672136,14275437.251569163,64
0,0.125,OPT,4,21.276007728331024,16.891721923981095,350988.58008285036,227220.68206370523,64
0,0.125,OPT-unw,4,170.55375221709255,30.673382662178483,2813611.4670971427,412606.06592194014,64
0,0.125,PR-hi,4,319.81117560807616,1026.5635630022734,5275899.118603634,13808922.146413678,64
0,0.125,PR-en,4,240.25204284628853,610.6447463668883,3963418.534969567,8214148.705059984,64
0,0.125,PR-2n,4,240.94390740664676,610.6956950929016,3974832.1687090592,8214834.046929044,64
0,0.125,FOLD-mean,4,191.9136453785468,295.62420639861375,3165983.8983910615,3976618.4948303537,64
0,0.125,OPT-joint,4,18.84849399700761,15.907652871130267,310942.0822356875,213983.37905855072,64
0,0.125,OPT-layer,4,32.151090327010024,16.78762198210461,530393.9388481284,225820.37131371675,64
0,0.125,OPT,8,9.665066642919555,8.743695581753855,159443.82333003427,117616.6931225016,64
0,0.125,OPT-unw,8,102.55454208760057,21.52256441867212,1691833.9929178746,289512.92171272816,64
0,0.125,PR-hi,8,297.75425746757537,990.4415251472965,4912027.922560158,13323022.951774057,64
0,0.125,PR-en,8,179.0049566393718,400.8078810586594,2953030.3034710283,5391507.184437058,64
0,0.125,PR-2n,8,178.65589157678187,404.053930955939,2947271.805343025,5435171.748357303,64
0,0.125,FOLD-mean,8,108.18676138261799,154.3091325953137,1784748.2594623938,2075704.6862811684,64
0,0.125,OPT-joint,8,9.394155145710101,8.59730126686918,154974.6182541662,115647.45539599606,64
0,0.125,OPT-layer,8,17.548503786762012,11.473728965269402,289496.24879541644,154340.00944577248,64
0,0.125,OPT,16,3.9133711719150597,3.6833103229728295,64558.567965672264,49546.41614422952,64
0,0.125,OPT-unw,16,42.558267469052225,15.00586666201707,702080.2991088477,201852.91193196122,64
0,0.125,PR-hi,16,252.6503181378357,895.2405965798534,4167951.880492928,12042418.166806446,64
0,0.125,PR-en,16,105.65672424342483,209.76791618205607,1743010.4412409891,2821714.044575949,64
0,0.125,PR-2n,16,105.23587617836893,214.03285774355754,1736067.7447224173,2879084.3313310496,64
0,0.125,FOLD-mean,16,58.61136576504214,86.16640145657584,966906.9643735493,1159075.942526753,64
0,0.125,OPT-joint,16,3.703908778858022,3.7556844366663427,61103.083795023646,50519.96375241324,64
0,0.125,OPT-layer,16,7.038401175799663,6.173431073526444,116111.935391799,83042.5237588419,64
0,0.125,OPT,32,0.3930940575146451,0.45791992502836365,6484.840899091675,6159.75553965211,64
0,0.125,OPT-unw,32,14.48731440303527,6.614751550208894,238996.05492078164,88978.99016361397,64
0,0.125,PR-hi,32,119.51036938978359,526.488859473262,1971552.9056440871,7082117.399684393,64
0,0.125,PR-en,32,31.440730997361243,50.685817507561296,518675.1983942966,681805.3290750738,64
0,0.125,PR-2n,32,30.463705136382487,50.422252811375074,502557.28172365535,678259.9622791449,64
0,0.125,FOLD-mean,32,22.957643728819676,44.305145712627564,378730.3932822205,595975.0860842047,64
0,0.125,OPT-joint,32,0.3752948670507976,0.4754934851071084,6191.209092443516,6396.14803565401,64
0,0.125,OPT-layer,32,1.080823725385926,1.2859020072155545,17830.261651386467,17297.439092446482,64
1,0.25,EXACT,64,0.00594771750752443,0.007014047181939986,1.0,1.0,64
1,0.25,NOPE,1,937.8739646160975,3694.542153368471,157686.36681711892,526734.7164246781,64
1,0.25,OPT,4,25.538273123675026,64.36670241280808,4293.793895114668,9176.82769208364,64
1,0.25,OPT-unw,4,768.143486729823,109.63079262874089,129149.28890924093,15630.176100186793,64
1,0.25,PR-hi,4,903.8613502206281,3605.562670502346,151967.7673119406,514048.8190307694,64
1,0.25,PR-en,4,669.9284231234342,2353.9341310341842,112636.22091599186,335602.8367039184,64
1,0.25,PR-2n,4,664.5298619288951,2345.098575145472,111728.55151378682,334343.14231357235,64
1,0.25,FOLD-mean,4,479.87670079339296,1344.7521505434997,80682.49714050863,191722.71238864982,64
1,0.25,OPT-joint,4,25.51501405678573,64.29055657773279,4289.883308093702,9165.971501199814,64
1,0.25,OPT-layer,4,50.83511074108537,63.65804677037522,8546.994822261498,9075.793920275328,64
1,0.25,OPT,8,13.29280108504463,33.51095225624158,2234.9415667822095,4777.691308168948,64
1,0.25,OPT-unw,8,626.0757610162836,92.15886234608479,105263.19722216767,13139.184832314593,64
1,0.25,PR-hi,8,882.7267533796839,3518.7024255422875,148414.3711033603,501665.0635887317,64
1,0.25,PR-en,8,479.3759121557232,1555.9588882352691,80598.2986833633,221834.67659607515,64
1,0.25,PR-2n,8,480.06749752606265,1561.480973726837,80714.57612415712,222621.96606652328,64
1,0.25,FOLD-mean,8,256.95516732148826,718.5831173197366,43202.31534137515,102449.14222561398,64
1,0.25,OPT-joint,8,13.188919084437657,33.40122652616992,2217.4757068997333,4762.047596738808,64
1,0.25,OPT-layer,8,24.063155922922306,38.75965819368139,4045.7798966544924,5526.004771322484,64
1,0.25,OPT,16,6.4595573836922995,14.832944386624149,1086.056520929305,2114.7483046330985,64
1,0.25,OPT-unw,16,285.96036721057317,60.52192278399889,48079.00961146961,8628.673462567069,64
1,0.25,PR-hi,16,717.7686674231663,2901.973949359264,120679.68367951579,413737.4434593722,64
1,0.25,PR-en,16,235.62635430321097,653.1094623013632,39616.26523201903,93114.49514953539,64
1,0.25,PR-2n,16,233.93643843755126,664.2006261973875,39332.136763657545,94695.77391888587,64
1,0.25,FOLD-mean,16,134.81508068786934,389.57591389864683,22666.691973402467,55542.24312915096,64
1,0.25,OPT-joint,16,6.212219268330955,15.253887947365001,1044.471137116365,2174.762665788911,64
1,0.25,OPT-layer,16,12.698663518007379,19.938350355252624,2135.0481931837476,2842.6313422285757,64
1,0.25,OPT,32,0.5261126758668979,1.0229723647894389,88.45623135283664,145.84623374411052,64
1,0.25,OPT-unw,32,80.25110269089055,32.920352744229604,13492.75626984053,4693.488921630593,64
1,0.25,PR-hi,32,250.9746980983764,1046.1482633958803,42196.808738960695,149150.44570694354,64
1,0.25,PR-en,32,35.18426200934846,73.46654157877492,5915.59063873444,10474.20122407205,64
1,0.25,PR-2n,32,34.85781005258832,72.88761933009664,5860.703708353643,10391.663677109305,64
1,0.25,FOLD-mean,32,63.07668636075687,177.50192694948055,10605.192038955925,25306.634293324787,64
1,0.25,OPT-joint,32,0.45801581193882157,0.8503558198649444,77.00698820335496,121.23611344595318,64
1,0.25,OPT-layer,32,1.2054623843323498,1.9726391626845725,202.67646921820426,281.2412165922968,64
1,0.125,EXACT,64,0.08492806962294708,0.07547721079026815,1.0,1.0,64
1,0.125,NOPE,1,937.7317861965857,3694.439962025732,11041.48240222354,48947.754207447266,64
1,0.125,OPT,4,25.617342400888447,64.41323211792042,301.63575499385644,853.4129897421395,64
1,0.125,OPT-unw,4,768.3362097288482,109.6786563458736,9046.905376985611,1453.1360552080087,64
1,0.125,PR-hi,4,903.7190860533156,3605.4654328732286,10640.99407964332,47768.92780115967,64
1,0.125,PR-en,4,669.8403158267029,2353.8663978832774,7887.148722449189,31186.45182085583,64
1,0.125,PR-2n,4,664.4439389412291,2345.032260398846,7823.608165017095,31069.408048412,64
1,0.125,FOLD-mean,4,479.986745483242,1344.721030795481,5651.685568908213,17816.252306038663,64
1,0.125,OPT-joint,4,25.593728621897753,64.33694026325247,301.3577105369939,852.4021964991309,64
1,0.125,OPT-layer,4,50.92442956927698,63.70376081124414,599.6183569856802,844.0131815185989,64
1,0.125,OPT,8,13.371919198456453,33.56361540839134,157.44993684447806,444.6854230167042,64
1,0.125,OPT-unw,8,626.2755533308955,92.2133554846805,7374.188017122662,1221.7377208190405,64
1,0.125,PR-hi,8,882.5894672106951,3518.619241195498,10392.19978894027,46618.299806717034,64
1,0.125,PR-en,8,479.3046902215574,1555.9153321959311,5643.654593228292,20614.372416588387,64
1,0.125,PR-2n,8,479.9956084068399,1561.4359611138934,5651.789926909487,20687.515407170045,64
1,0.125,FOLD-mean,8,257.04738625418395,718.5762299306225,3026.648167035828,9520.43964538332,64
1,0.125,OPT-joint,8,13.26807913655648,33.454701110953465,156.22725437493662,443.2424139773198,64
1,0.125,OPT-layer,8,24.1474404692417,38.81283862446435,284.3281447046714,514.2325507008374,64
1,0.125,OPT,16,6.538756700589147,14.89325776626356,76.99170285653605,197.3212524724597,64
1,0.125,OPT-unw,16,286.145825693995,60.58314637205331,3369.2726911654663,802.6680601698222,64
1,0.125,PR-hi,16,717.6615868941881,2901.933305084938,8450.228411882801,38447.807950252274,64
1,0.125,PR-en,16,235.60924132168293,653.1004987843335,2774.2210834146013,8652.949571747327,64
1,0.125,PR-2n,16,233.92042877757922,664.1904829391278,2754.3358728876046,8799.881129480835,64
1,0.125,FOLD-mean,16,134.9033122821711,389.5970660666935,1588.4419942793684,5161.784093337578,64
1,0.125,OPT-joint,16,6.291092585906881,15.314380934556539,74.07553961649288,202.90072691095176,64
1,0.125,OPT-layer,16,12.783816436334746,19.99766662964248,150.52522084972284,264.9497301272947,64
1,0.125,OPT,32,0.6057727965599042,1.0901296843185264,7.13277482049619,14.443163345658306,64
1,0.125,OPT-unw,32,80.39004117817967,32.98592166257731,946.5662122674544,437.0315399470278,64
1,0.125,PR-hi,32,250.96950482111424,1046.161373760202,2955.083118400512,13860.625781034976,64
1,0.125,PR-en,32,35.230644421855686,73.50945724568737,414.8292146314906,973.9291698251985,64
1,0.125,PR-2n,32,34.90243308103527,72.92910937311535,410.9646343781354,966.2401221445065,64
1,0.125,FOLD-mean,32,63.16298560996074,177.5410259711789,743.7233165711148,2352.2467790247306,64
1,0.125,OPT-joint,32,0.5378089323439781,0.9175267413302208,6.332522742265005,12.156341387333361,64
1,0.125,OPT-layer,32,1.285764585234574,2.0391147259506397,15.139453786515451,27.016296768263174,64
2,0.25,EXACT,64,1.143321109972021,0.4855425134883262,1.0,1.0,64
2,0.25,NOPE,1,270.42188146710396,7106.0234305635095,236.5231247009177,14635.223967333106,64
2,0.25,OPT,4,24.285580684954766,107.68014534958638,21.241259759079473,221.77284657520585,64
2,0.25,OPT-unw,4,253.60431590478402,225.6009391976986,221.8137264263319,464.6368400923201,64
2,0.25,PR-hi,4,268.7883263193071,7073.542243234813,235.09434399045145,14568.327276669834,64
2,0.25,PR-en,4,103.34427399560809,2410.9316817745566,90.38954419212735,4965.438895254477,64
2,0.25,PR-2n,4,103.52271024882793,2414.60340937227,90.5456125544304,4973.001008757854,64
2,0.25,FOLD-mean,4,155.61311918590218,3483.5775947719812,136.10622407707515,7174.608809730388,64
2,0.25,OPT-joint,4,25.022538258112036,111.98421488236636,21.885835956203398,230.63730110434247,64
2,0.25,OPT-layer,4,37.689546972105745,103.18519860086963,32.96497077100944,212.5152705157516,64
2,0.25,OPT,8,8.180793077452108,46.16471003263723,7.155289101285208,95.07861567254328,64
2,0.25,OPT-unw,8,194.94883629208198,208.57856747414917,170.5110091922056,429.5783822834372,64
2,0.25,PR-hi,8,265.03805669862777,6971.709085822105,231.81418972060587,14358.596605134813,64
2,0.25,PR-en,8,61.99587928177789,1252.2247067168355,54.22438083321581,2579.021757992655,64
2,0.25,PR-2n,8,62.115280251484364,1253.1124597713351,54.32881428473268,2580.850131471471,64
2,0.25,FOLD-mean,8,121.66112382011488,2758.188857473433,106.41028382926659,5680.633066829785,64
2,0.25,OPT-joint,8,8.213348089077044,46.410364203271456,7.183763176801693,95.58455318328637,64
2,0.25,OPT-layer,8,18.750751933665015,64.13306877855211,16.40024991240114,132.0853828386627,64
2,0.25,OPT,16,2.441406009485945,11.402711241302313,2.1353633622191146,23.484475456908605,64
2,0.25,OPT-unw,16,83.37715436861617,139.81732245720923,72.92540445672043,287.9610303384295,64
2,0.25,PR-hi,16,232.7653441419825,5916.927340850234,203.58702564993192,12186.218871630266,64
2,0.25,PR-en,16,16.20392686489504,210.26887026475742,14.172682305578679,433.05964858587583,64
2,0.25,PR-2n,16,15.90811712021241,206.35007806727663,13.913953815303653,424.98869271977327,64
2,0.25,FOLD-mean,16,78.95064806891605,1731.3169789798558,69.05378321130456,3565.7371515037917,64
2,0.25,OPT-joint,16,2.4429730318370275,11.477227093855618,2.136733950356966,23.637944721665576,64
2,0.25,OPT-layer,16,3.5931263882666826,21.44874875212554,3.142709740008747,44.17481097181251,64
2,0.25,OPT,32,1.2161849051335594,1.0844864266255172,1.0637299482411564,2.233556066664781,64
2,0.25,OPT-unw,32,16.716767904057633,87.73419170523994,14.621236114906266,180.69312010378533,64
2,0.25,PR-hi,32,115.3881146130152,2208.7518223561347,100.92362819736525,4549.038984223241,64
2,0.25,PR-en,32,4.100872669368982,30.452958116831724,3.5868074450836804,62.719447362180155,64
2,0.25,PR-2n,32,3.999031216284493,30.322044081578497,3.497732335566126,62.44982311380551,64
2,0.25,FOLD-mean,32,48.40062578464858,1002.8217272926122,42.33336143494545,2065.36338103115,64
2,0.25,OPT-joint,32,1.2142435358910006,1.0875905114517082,1.0620319394966085,2.2399490904267787,64
2,0.25,OPT-layer,32,1.3709078286701697,1.8838480628764955,1.1990575672163686,3.879882833208978,64
2,0.125,EXACT,64,3.3206730022793636,1.6195221047382802,1.0,1.0,64
2,0.125,NOPE,1,278.6350170634687,7106.193651512265,83.9092005964481,4387.833689161438,64
2,0.125,OPT,4,26.896499216672964,108.51926363375969,8.0997132804738,67.00696663309621,64
2,0.125,OPT-unw,4,255.64316333492752,226.41274477541447,76.98534699425386,139.80219480363527,64
2,0.125,PR-hi,4,277.0950136166066,7073.76915820688,83.44543814654563,4367.812663693172,64
2,0.125,PR-en,4,106.36823305580765,2411.1060706563294,32.03213113209123,1488.7762652958488,64
2,0.125,PR-2n,4,106.56728543806821,2414.7797291465104,32.09207451770129,1491.0446248813296,64
2,0.125,FOLD-mean,4,160.51407898403704,3483.2393723353744,48.33781551928106,2150.782235169477,64
2,0.125,OPT-joint,4,27.646611424861476,112.8262849256862,8.325604901742627,69.66640627848625,64
2,0.125,OPT-layer,4,40.278147411416285,104.00956429820508,12.129513319670053,64.22238016628575,64
2,0.125,OPT,8,10.525432422116864,47.047567054396495,3.169668442177847,29.05027780525387,64
2,0.125,OPT-unw,8,197.03894177486654,209.4756986638531,59.33705054355422,129.34414297340203,64
2,0.125,PR-hi,8,273.4731098888442,6972.0433370471,82.35472438904037,4305.000417498966,64
2,0.125,PR-en,8,64.28593608923256,1252.4531994052231,19.359309406588864,773.3473941114397,64
2,0.125,PR-2n,8,64.41122854175046,1253.3441415540874,19.397040448589053,773.8975206865928,64
2,0.125,FOLD-mean,8,125.57114744372666,2758.1156211532652,37.81496924193758,1703.042899558932,64
2,0.125,OPT-joint,8,10.558432241086848,47.29487757664174,3.1796061322025295,29.20298366923787,64
2,0.125,OPT-layer,8,21.192528224899434,65.02278066193685,6.381997929441574,40.14936287173724,64
2,0.125,OPT,16,4.668598164222203,12.38842559827026,1.405919270285753,7.6494328555473885,64
2,0.125,OPT-unw,16,85.35878705407958,140.7923938841559,25.705267274280825,86.93453054591582,64
2,0.125,PR-hi,16,241.96939298231155,5917.384104125202,72.86757618597791,3653.784092734856,64
2,0.125,PR-en,16,17.824686578591354,210.5810169703327,5.367793385966098,130.02663955881187,64
2,0.125,PR-2n,16,17.529123175307177,206.66149822575971,5.278786307256061,127.60646960058433,64
2,0.125,FOLD-mean,16,82.02233302220702,1731.4969848506153,24.700514915472127,1069.1406926677487,64
2,0.125,OPT-joint,16,4.671927238465287,12.466649303329177,1.4069218002671147,7.697733341740233,64
2,0.125,OPT-layer,16,5.8599706527311355,22.425024342839606,1.7646936776697848,13.846692352781169,64
2,0.125,OPT,32,3.3999436640297063,2.1996698775619734,1.02387186624396,1.358221583469802,64
2,0.125,OPT-unw,32,18.534555927850306,88.78054530965164,5.58156612082186,54.818977184629944,64
2,0.125,PR-hi,32,120.88343215081841,2209.407811006531,36.403292967371996,1364.2344272686407,64
2,0.125,PR-en,32,5.754528358287644,31.13516752398573,1.7329403871858633,19.224910504705502,64
2,0.125,PR-2n,32,5.655952035391238,30.990026615792885,1.7032547412855468,19.135290913982907,64
2,0.125,FOLD-mean,32,51.057634397409856,1003.1607722882181,15.375688712005992,619.4177710531046,64
2,0.125,OPT-joint,32,3.3986945886863396,2.2022393985826056,1.023495714981096,1.359808175596649,64
2,0.125,OPT-layer,32,3.5551867312169634,2.9933321465505287,1.070622349378161,1.8482811304599394,64
3,0.25,EXACT,64,4.571536392642884,2.340088162396569,1.0,1.0,64
3,0.25,NOPE,1,231.20230810530484,6052.905571192503,50.57431205784251,2586.614328664226,64
3,0.25,OPT,4,28.088602904928848,90.17912277206779,6.144236968152045,38.53663473931345,64
3,0.25,OPT-unw,4,129.3696593013592,202.72290967497975,28.29894551633841,86.63045817357748,64
3,0.25,PR-hi,4,229.42489055916667,6041.6173603236675,50.18551113984071,2581.7904886695505,64
3,0.25,PR-en,4,90.08718075277284,1372.1776497624815,19.7061060036081,586.3786124866273,64
3,0.25,PR-2n,4,90.08718075277284,1372.1776497624815,19.7061060036081,586.3786124866273,64
3,0.25,FOLD-mean,4,134.27221908047795,2343.4118104055524,29.371355174283735,1001.4203088851061,64
3,0.25,OPT-joint,4,28.014829372637905,90.5936556472443,6.128099388582588,38.71377886654666,64
3,0.25,OPT-layer,4,33.465686187380925,96.33931503584608,7.320446194246271,41.16909635454996,64
3,0.25,OPT,8,10.449189405771904,32.96533276862465,2.285706272094456,14.087218293033738,64
3,0.25,OPT-unw,8,76.77423221745994,184.7369436006993,16.7939671968958,78.94443746576775,64
3,0.25,PR-hi,8,227.42286756820977,6013.628056302667,49.74757893958987,2569.8296982725183,64
3,0.25,PR-en,8,56.25191481295042,487.39374907687306,12.30481614528507,208.28007974610475,64
3,0.25,PR-2n,8,56.080681876512244,479.09053064510226,12.26735982387992,204.7318294856243,64
3,0.25,FOLD-mean,8,113.14076557056978,2004.9810106381774,24.748958742328018,856.7972108302124,64
3,0.25,OPT-joint,8,10.418329971260391,32.497876626905054,2.278955930007893,13.88745823730966,64
3,0.25,OPT-layer,8,18.71470156958094,58.297059051692486,4.093744413737817,24.912334495974015,64
3,0.25,OPT,16,5.360626065637916,9.665145362378098,1.172609294823714,4.130248388795605,64
3,0.25,OPT-unw,16,35.34785930567887,130.3434092560783,7.7321618531934435,55.70021307342066,64
3,0.25,PR-hi,16,209.67981536127627,5422.619951412082,45.8663778109085,2317.271647517152,64
3,0.25,PR-en,16,31.489576513296925,111.70930577535182,6.888182398367009,47.737221003223354,64
3,0.25,PR-2n,16,27.777161958860233,103.20901931542903,6.076110868014283,44.10475680955924,64
3,0.25,FOLD-mean,16,77.09114925423637,1394.5449589379132,16.863291163623146,595.9369314999266,64
3,0.25,OPT-joint,16,5.437342359451577,9.816834978293628,1.1893905882936997,4.1950705687258605,64
3,0.25,OPT-layer,16,6.753208439913578,19.40679805818945,1.4772295044575665,8.293190987434528,64
3,0.25,OPT,32,4.649245627777418,2.884003309882246,1.0169984942610528,1.2324336134962683,64
3,0.25,OPT-unw,32,18.983774250606075,94.23324329033494,4.152602674487565,40.2690996025668,64
3,0.25,PR-hi,32,119.87113473564386,2477.2158105522394,26.22119227324893,1058.5993512377897,64
3,0.25,PR-en,32,12.075967761629727,41.57897739904001,2.6415556444139785,17.768124324195323,64
3,0.25,PR-2n,32,11.458904347557109,39.01070920145139,2.5065762061958603,16.670615162421537,64
3,0.25,FOLD-mean,32,48.71929489867762,896.7274999525398,10.657094402022722,383.20244269522254,64
3,0.25,OPT-joint,32,4.642391630739439,2.8993449872359633,1.0154992177707665,1.2389896388632808,64
3,0.25,OPT-layer,32,4.687020589655731,3.156003550044261,1.0252615722798795,1.348668653069927,64
3,0.125,EXACT,64,7.502443313889671,5.763921870558988,1.0,1.0,64
3,0.125,NOPE,1,239.2942630201578,6052.724789574742,31.89551097002488,1050.105279964134,64
3,0.125,OPT,4,31.673081415472552,92.59085913421586,4.221702196247787,16.063864364149744,64
3,0.125,OPT-unw,4,132.7786131411558,205.1607718737796,17.69804950013227,35.593954338920106,64
3,0.125,PR-hi,4,237.48415393196046,6041.485218882561,31.654241691142598,1048.1552933153575,64
3,0.125,PR-en,4,94.72620455687866,1372.379651863128,12.62604735466738,238.0982398239957,64
3,0.125,PR-2n,4,94.72620455687866,1372.379651863128,12.62604735466738,238.0982398239957,64
3,0.125,FOLD-mean,4,139.5542251272127,2343.1460694633424,18.601170217287557,406.51940156088597,64
3,0.125,OPT-joint,4,31.591771048028022,93.00921793282032,4.21086434462497,16.13644668014909,64
3,0.125,OPT-layer,4,37.224664370529354,98.76939299982041,4.961672193059208,17.13579663602236,64
3,0.125,OPT,8,13.64379445760278,35.60317583475262,1.81858014606299,6.176901185390253,64
3,0.125,OPT-unw,8,79.9634814375313,187.48173229349777,10.658325307102377,32.52676502280828,64
3,0.125,PR-hi,8,235.39632591977715,6013.601299256086,31.375955281658104,1043.317628917285,64
3,0.125,PR-en,8,59.83970260526985,488.0637498050928,7.976028621833827,84.67563592387141,64
3,0.125,PR-2n,8,59.65810160757974,479.7696351967752,7.951823041052711,83.23666523783864,64
3,0.125,FOLD-mean,8,118.08308407990262,2004.8917155377567,15.739283742576122,347.8346446329123,64
3,0.125,OPT-joint,8,13.604583773994818,35.13884984399192,1.8133537575429501,6.096343884096426,64
3,0.125,OPT-layer,8,22.230142177082598,60.921979672275484,2.963053667586766,10.569535993097567,64
3,0.125,OPT,16,8.339651010057423,12.675992329139262,1.1115913391331842,2.199195723641885,64
3,0.125,OPT-unw,16,38.13470667449292,133.36432641325518,5.082971650567771,23.137774835993994,64
3,0.125,PR-hi,16,217.38219935819507,5422.993441611528,28.974853959342003,940.851309819299,64
3,0.125,PR-en,16,34.541538309305906,112.85413481481373,4.604038559725913,19.579400510484206,64
3,0.125,PR-2n,16,30.821203748928383,104.34615598991513,4.108155498071869,18.10332588352652,64
3,0.125,FOLD-mean,16,81.20762141840532,1395.0322991907597,10.824156614160795,242.02831518524187,64
3,0.125,OPT-joint,16,8.415977709926665,12.832982305902988,1.121764918149494,2.226432383036177,64
3,0.125,OPT-layer,16,9.858284444839228,22.393488303991035,1.3140098541748477,3.885113089122997,64
3,0.125,OPT,32,7.579433516249992,6.255422106420156,1.0102620172041534,1.085271842141313,64
3,0.125,OPT-unw,32,21.343379890662618,97.43129832809791,2.8448572015397287,16.903646599680396,64
3,0.125,PR-hi,32,124.55119671672583,2478.5470943152905,16.601417898904693,430.0105292847975,64
3,0.125,PR-en,32,15.08042480808217,43.7860857360065,2.010068477313648,7.596578635053584,64
3,0.125,PR-2n,32,14.46742436569184,41.21523171616718,1.9283617030344675,7.150553501893686,64
3,0.125,FOLD-mean,32,52.294320945162326,897.6286880020052,6.970305373497069,155.7322788476577,64
3,0.125,OPT-joint,32,7.570934464398306,6.271463019715156,1.00912917934106,1.0880548280414055,64
3,0.125,OPT-layer,32,7.6250365403248,6.520349181781057,1.0163404402147451,1.1312348307644062,64
4,0.25,EXACT,64,6.091683665319579,2.1898432724992745,1.0,1.0,64
4,0.25,NOPE,1,242.5406942591071,6975.660244703293,39.81505074531526,3185.4609561815587,64
4,0.25,OPT,4,35.93256242014468,100.1638882108964,5.898625797775992,45.740208657297686,64
4,0.25,OPT-unw,4,176.9438068321906,201.43449242506176,29.04678190030537,91.9858032557572,64
4,0.25,PR-hi,4,242.5874576717615,6971.378673374653,39.82272734430228,3183.5057608566653,64
4,0.25,PR-en,4,73.30578878428787,1631.7380926907063,12.033748436679884,745.1392130124449,64
4,0.25,PR-2n,4,73.30578878428787,1631.7380926907063,12.033748436679884,745.1392130124449,64
4,0.25,FOLD-mean,4,92.72088334802538,2421.6784271523356,15.22089596935121,1105.8683776891792,64
4,0.25,OPT-joint,4,37.41081280866638,100.3012929186225,6.141292763058101,45.802955023419706,64
4,0.25,OPT-layer,4,44.77322087762877,108.86078804172575,7.349892630263477,49.71168001328361,64
4,0.25,OPT,8,11.877750262618065,35.254989387933165,1.9498304434682001,16.099320819291577,64
4,0.25,OPT-unw,8,103.98511825082824,164.62343792803586,17.070012818102075,75.17589957026954,64
4,0.25,PR-hi,8,241.48519717901945,6931.841291517019,39.64178221430196,3165.450869735389,64
4,0.25,PR-en,8,39.554048808291554,664.8026432581246,6.493122588337241,303.5845768539332,64
4,0.25,PR-2n,8,39.02562235388905,656.910297293216,6.406377037610292,299.980507985616,64
4,0.25,FOLD-mean,8,79.32608680427074,2064.3588320463896,13.022029895590315,942.6970678546921,64
4,0.25,OPT-joint,8,12.008580397698097,35.21924520540051,1.9713072866970858,16.08299810662006,64
4,0.25,OPT-layer,8,18.107793941162527,58.41148513043299,2.9725433781553012,26.673819932221814,64
4,0.25,OPT,16,6.919533706852235,10.855204972438514,1.135898396406509,4.957069352296357,64
4,0.25,OPT-unw,16,45.10120975552127,113.57563214935362,7.403734703475479,51.86473094932014,64
4,0.25,PR-hi,16,228.11587633937597,6413.604825079441,37.447098187001586,2928.7962776256472,64
4,0.25,PR-en,16,14.576132634654641,113.69038132671267,2.392792113884324,51.917131584014,64
4,0.25,PR-2n,16,14.086642551235855,108.61525197792798,2.3124382888481536,49.59955506494539,64
4,0.25,FOLD-mean,16,61.27309637609869,1453.8342243656516,10.058482965051374,663.8987559627436,64
4,0.25,OPT-joint,16,6.919690803915728,10.929718014900573,1.1359241851821784,4.991096007718604,64
4,0.25,OPT-layer,16,7.8811923683970235,19.880560111021623,1.2937625788524205,9.078531034931958,64
4,0.25,OPT,32,6.16218798502814,2.8238546349457465,1.0115738642355887,1.2895236250048494,64
4,0.25,OPT-unw,32,20.56871172483079,83.74709507869557,3.3765232823775864,38.243419577290005,64
4,0.25,PR-hi,32,139.1692793108523,3080.143468365073,22.845782374280798,1406.558865214905,64
4,0.25,PR-en,32,8.712854801153298,36.66052715526894,1.4302868106491227,16.741164820178284,64
4,0.25,PR-2n,32,8.575258480501361,35.431115984451026,1.4076992423820305,16.179749678621242,64
4,0.25,FOLD-mean,32,43.62168533401564,938.1450980100781,7.160858595195484,428.4074160884447,64
4,0.25,OPT-joint,32,6.156766193715157,2.837807219591923,1.010683832577535,1.29589512419906,64
4,0.25,OPT-layer,32,6.204806268593529,2.946005722915288,1.0185700061738212,1.3453043694551725,64
4,0.125,EXACT,64,11.3982953922241,5.342759876511991,1.0,1.0,64
4,0.125,NOPE,1,252.94237616285682,6974.930994302034,22.191245923966292,1305.4921343116027,64
4,0.125,OPT,4,42.27946794964373,102.41457299655303,3.70927989622788,19.1688519348944,64
4,0.125,OPT-unw,4,182.52923153480515,203.78131591761485,16.013730584603582,38.141582370842585,64
4,0.125,PR-hi,4,253.08117612451315,6970.693316221237,22.203423180027844,1304.6989715682373,64
4,0.125,PR-en,4,78.9907590104267,1631.6890526264906,6.930050177881342,305.40190656888274,64
4,0.125,PR-2n,4,78.9907590104267,1631.6890526264906,6.930050177881342,305.40190656888274,64
4,0.125,FOLD-mean,4,101.61907005682588,2421.0753211788833,8.915286589795722,453.15068936983124,64
4,0.125,OPT-joint,4,43.79544639587402,102.55218656267971,3.8422803488450747,19.19460895360895,64
4,0.125,OPT-layer,4,51.25457098777406,111.10745970346034,4.496687375091178,20.795892436026264,64
4,0.125,OPT,8,17.59520582272671,37.70472599007189,1.543669927586728,7.057162751376979,64
4,0.125,OPT-unw,8,109.3117297529243,167.24591553024948,9.590182215096531,31.30328133695494,64
4,0.125,PR-hi,8,251.70756908133626,6931.294611304998,22.08291331465675,1297.324748165564,64
4,0.125,PR-en,8,44.60189012484625,665.1944618336856,3.913031606048181,124.5039038265662,64
4,0.125,PR-2n,8,44.02653402322903,657.3128690831363,3.8625542248417135,123.02871255225897,64
4,0.125,FOLD-mean,8,87.59860061947256,2063.7762479372323,7.685236924043239,386.2753138148825,64
4,0.125,OPT-joint,8,17.713968976517208,37.67317099543288,1.5540893060730512,7.05125662881704,64
4,0.125,OPT-layer,8,24.071586531354114,60.85711384145543,2.111858458044149,11.390576265461112,64
4,0.125,OPT,16,12.30567111435812,13.623961271252483,1.0796062648765035,2.5499856976815614,64
4,0.125,OPT-unw,16,49.953123153652996,116.41188571229577,4.3825082115112535,21.78871751733956,64
4,0.125,PR-hi,16,238.6016101129353,6413.354313850403,20.93309586236105,1200.382285950187,64
4,0.125,PR-en,16,19.150355749065056,114.64834477938712,1.680106988816012,21.45863700208721,64
4,0.125,PR-2n,16,18.641374116763473,109.58145792596042,1.6354528002038438,20.51027193037551,64
4,0.125,FOLD-mean,16,68.22684375662357,1453.9561812132597,5.9857058804747085,272.1357902692179,64
4,0.125,OPT-joint,16,12.303584424778819,13.705610980512574,1.0794231945569954,2.5652680070398843,64
4,0.125,OPT-layer,16,13.384749937918968,22.654099109582603,1.1742764577806981,4.240149217481262,64
4,0.125,OPT,32,11.472403670661151,5.925266990321688,1.0065016983581254,1.1090273804687598,64
4,0.125,OPT-unw,32,24.92051038471982,86.73337133927271,2.186336599218209,16.23381423533045,64
4,0.125,PR-hi,32,146.13542573153973,3080.940777003765,12.820814051830338,576.6571674965768,64
4,0.125,PR-en,32,13.534529647789896,38.53247233387083,1.1874169936868921,7.212091358114089,64
4,0.125,PR-2n,32,13.410169753944501,37.28310318896547,1.176506599670412,6.978247956242732,64
4,0.125,FOLD-mean,32,49.94579860707745,938.9327068869025,4.381865611339604,175.73926745513455,64
4,0.125,OPT-joint,32,11.465104341041297,5.938566529890522,1.005861310530939,1.111516644421516,64
4,0.125,OPT-layer,32,11.527392454212531,6.046345043578185,1.011325997225559,1.13168946075217,64
5,0.25,EXACT,64,7.14009359353804,2.8895097127533518,1.0,1.0,64
5,0.25,NOPE,1,223.37668760865927,6711.175768345594,31.284840273077183,2322.600176329104,64
5,0.25,OPT,4,28.313161963247694,84.6940426598303,3.9653768668903444,29.310869690459413,64
5,0.25,OPT-unw,4,522.8640644372208,202.8383762165904,73.22930121118098,70.19819844222295,64
5,0.25,PR-hi,4,221.6845538392663,6662.956962257624,31.047849854502783,2305.912637306429,64
5,0.25,PR-en,4,69.71145397936925,1502.0564981400967,9.763380978991623,519.8309220109246,64
5,0.25,PR-2n,4,69.71145397936925,1502.0564981400967,9.763380978991623,519.8309220109246,64
5,0.25,FOLD-mean,4,88.04120982531458,2278.4026779159904,12.330540023312023,788.508399144625,64
5,0.25,OPT-joint,4,29.3745885604294,87.2601150656119,4.1140341055212675,30.1989346775594,64
5,0.25,OPT-layer,4,100.46601752308197,97.42327223625034,14.07068635823012,33.71619476005076,64
5,0.25,OPT,8,13.306296790426131,37.53331571305171,1.8636025727265895,12.98951013986626,64
5,0.25,OPT-unw,8,448.1513985003112,168.85551287047565,62.765479559805655,58.43742698811587,64
5,0.25,PR-hi,8,220.13096830621362,6619.222979128361,30.830263696464364,2290.7772034519467,64
5,0.25,PR-en,8,39.53627248527482,612.9248373955488,5.53722048140323,212.12070500760004,64
5,0.25,PR-2n,8,39.343722818885,610.1621159762144,5.510253094510138,211.16458383342967,64
5,0.25,FOLD-mean,8,75.27514522522688,1895.1597761884332,10.542599230541281,655.8758975004712,64
5,0.25,OPT-joint,8,13.325011366221588,37.81967723695561,1.8662236274158996,13.088613985283356,64
5,0.25,OPT-layer,8,56.14123070175992,67.83962495438755,7.86281439679854,23.47790168517711,64
5,0.25,OPT,16,8.353616192238405,13.560170771321282,1.169958920398275,4.692896760814168,64
5,0.25,OPT-unw,16,298.9632308217115,118.70363168045878,41.87105209549081,41.08089035193055,64
5,0.25,PR-hi,16,206.63851576298475,6106.816085845232,28.940589231210872,2113.44369561789,64
5,0.25,PR-en,16,19.036846389761195,156.2769398074597,2.6661900352384746,54.084241045359484,64
5,0.25,PR-2n,16,18.363358324975707,148.1006778711453,2.5718652121864336,51.254604619419446,64
5,0.25,FOLD-mean,16,66.28506976366043,1488.6740641407669,9.283501524916991,515.1995362985789,64
5,0.25,OPT-joint,16,8.39112988684792,13.691864367574453,1.1752128703805926,4.738473211265925,64
5,0.25,OPT-layer,16,15.183505572174909,24.571028610458598,2.126513521603744,8.503528644326789,64
5,0.25,OPT,32,7.271871510223718,3.7714281124644913,1.0184560489241963,1.3052138554228214,64
5,0.25,OPT-unw,32,82.93636861036066,86.96563690062612,11.615585639580425,30.09702182927028,64
5,0.25,PR-hi,32,129.82272696169093,2900.3904542177916,18.18221641788893,1003.7656012770664,64
5,0.25,PR-en,32,11.191061121120583,50.32501684036106,1.5673549617401048,17.416455330896753,64
5,0.25,PR-2n,32,10.983655466523487,45.962020890787244,1.538306931503526,15.906511989880464,64
5,0.25,FOLD-mean,32,53.840185646899045,966.7059462480247,7.540543403468231,334.5570848858201,64
5,0.25,OPT-joint,32,7.259182409441564,3.7987904174951836,1.0166788872363386,1.314683387540995,64
5,0.25,OPT-layer,32,7.2873776236665435,3.985360653488897,1.0206277450286925,1.379251516580414,64
5,0.125,EXACT,64,12.54235379351303,6.725026531727053,1.0,1.0,64
5,0.125,NOPE,1,237.12752994522452,6709.345475375652,18.90614264667515,997.6682536080086,64
5,0.125,OPT,4,34.60480839526281,87.44421616569161,2.759036219593853,13.002806123239944,64
5,0.125,OPT-unw,4,529.219254032243,205.75135206896812,42.19457230635273,30.594875886107342,64
5,0.125,PR-hi,4,235.34047856926918,6661.21673104167,18.763661306619216,990.5115912354629,64
5,0.125,PR-en,4,76.46612831857055,1501.6956372335553,6.096633022592556,223.29958553307077,64
5,0.125,PR-2n,4,76.46612831857055,1501.6956372335553,6.096633022592556,223.29958553307077,64
5,0.125,FOLD-mean,4,95.45576927345246,2277.7926432713866,7.61067426776166,338.70388949773064,64
5,0.125,OPT-joint,4,35.69602460996248,90.00112901208922,2.846038725874935,13.383014711910146,64
5,0.125,OPT-layer,4,107.38843378028832,100.20817748643458,8.562063831737085,14.900785448752739,64
5,0.125,OPT,8,19.14168673264794,40.556670060846955,1.526163832385921,6.0307078149818985,64
5,0.125,OPT-unw,8,454.40538583137095,172.07064186409116,36.22967373687001,25.586611599568176,64
5,0.125,PR-hi,8,233.67464307136834,6617.60452735424,18.630844490467656,984.026530770396,64
5,0.125,PR-en,8,44.98554556723684,613.3673684969544,3.586690848292256,91.20668381057459,64
5,0.125,PR-2n,8,44.78741782065481,610.6159994378686,3.5708941525648155,90.7975599140211,64
5,0.125,FOLD-mean,8,82.47405292093754,1894.5730233043432,6.575643956367547,281.7197842069774,64
5,0.125,OPT-joint,8,19.146088909590617,40.858414301648736,1.526514817297936,6.075576670053061,64
5,0.125,OPT-layer,8,62.66938486718573,70.82851375360042,4.996620721989094,10.53207945269042,64
5,0.125,OPT,16,13.890513129415922,16.969708680175245,1.1074885430675834,2.523366800133241,64
5,0.125,OPT-unw,16,305.0520279048942,122.18271099030972,24.32175275287392,18.168361182499602,64
5,0.125,PR-hi,16,220.00894809141755,6105.820920109749,17.54128066497433,907.9251793734877,64
5,0.125,PR-en,16,24.41438913415186,157.6758058173582,1.9465556095841523,23.446123977873064,64
5,0.125,PR-2n,16,23.785689074080437,149.52060494199395,1.8964294474281629,22.233459486976265,64
5,0.125,FOLD-mean,16,73.05768210813403,1488.6504181027412,5.82487811386088,221.35978364987076,64
5,0.125,OPT-joint,16,13.932197748334147,17.112525922479108,1.1108120515257631,2.5446034810043257,64
5,0.125,OPT-layer,16,20.97137171518989,27.971276620402932,1.6720443435454986,4.1592812293663375,64
5,0.125,OPT,32,12.69312456541229,7.537475245306268,1.0120209311889479,1.1208097410093891,64
5,0.125,OPT-unw,32,88.11018227599561,90.63514917856082,7.025011710446779,13.477292431630723,64
5,0.125,PR-hi,32,139.87267993949354,2901.507709249854,11.152027940069464,431.44925831314424,64
5,0.125,PR-en,32,16.575868848362006,52.72726218216121,1.3215915546039796,7.840454150389847,64
5,0.125,PR-2n,32,16.363773660035804,48.344196170102805,1.3046812368264744,7.188699693901064,64
5,0.125,FOLD-mean,32,59.982554053887725,967.4737947359681,4.782400101399708,143.86170674147678,64
5,0.125,OPT-joint,32,12.679466218571179,7.5641990774311125,1.0109319532294698,1.1247835293652815,64
5,0.125,OPT-layer,32,12.711657535051927,7.742589990142733,1.0134985620981656,1.1513099544834597,64
6,0.25,EXACT,64,9.22575705012423,4.244699368486181,1.0,1.0,64
6,0.25,NOPE,1,244.04987692274153,4836.649519518018,26.453100336026655,1139.456319433748,64
6,0.25,OPT,4,28.729153628228232,61.24078869447112,3.11401584413513,14.427591539023854,64
6,0.25,OPT-unw,4,162.21360372938216,158.56847871188074,17.582687561363635,37.35682199053645,64
6,0.25,PR-hi,4,242.49487929418683,4829.679095044732,26.2845507394888,1137.8141714585495,64
6,0.25,PR-en,4,108.43159116525203,925.1127368248999,11.75313750146845,217.94540826452683,64
6,0.25,PR-2n,4,108.54834021348506,930.6576742008328,11.765792186346745,219.25172866429415,64
6,0.25,FOLD-mean,4,130.25438989512622,1380.6814561784267,14.118558421541382,325.27190651686357,64
6,0.25,OPT-joint,4,28.970297563588247,61.64355471404269,3.140153963104648,14.522478357761083,64
6,0.25,OPT-layer,4,40.32246087864041,91.09023773763329,4.3706397924382205,21.45976188888955,64
6,0.25,OPT,8,14.207897857995704,29.2224994674325,1.5400251470749913,6.884468587902455,64
6,0.25,OPT-unw,8,101.93412103224546,127.20251471363008,11.048862492089238,29.96737899932717,64
6,0.25,PR-hi,8,240.54508830979466,4815.178827613592,26.073208626988023,1134.3980832571579,64
6,0.25,PR-en,8,73.1489328360185,351.203416723758,7.928772938480264,82.73929111003456,64
6,0.25,PR-2n,8,72.9176092306152,346.39783066883683,7.903699266569492,81.60715296837978,64
6,0.25,FOLD-mean,8,112.71944233682007,1174.5265278965235,12.217907075203355,276.704290677576,64
6,0.25,OPT-joint,8,14.513387989951298,29.772721051005647,1.573137891134459,7.0140941598942295,64
6,0.25,OPT-layer,8,19.254587145871483,50.39312416734174,2.087046845181362,11.872012548515025,64
6,0.25,OPT,16,10.514097596984357,12.814649069681764,1.1396460517939586,3.018976836103224,64
6,0.25,OPT-unw,16,48.24816837417893,89.81276694918051,5.22972457566821,21.158805171451075,64
6,0.25,PR-hi,16,229.63321819901466,4596.14037103951,24.89044714177928,1082.795263467308,64
6,0.25,PR-en,16,52.402381912921555,174.25586329307407,5.680008873875118,41.052580681401764,64
6,0.25,PR-2n,16,51.74562302499544,168.3008130332455,5.6088213404989515,39.64964263023129,64
6,0.25,FOLD-mean,16,102.83485478255898,941.5021508559585,11.146494994811754,221.8065566305897,64
6,0.25,OPT-joint,16,10.556318928429391,13.015099762007594,1.1442225143233362,3.0662006027176587,64
6,0.25,OPT-layer,16,12.047911191475578,19.406816507922485,1.3058994645120583,4.57201201385522,64
6,0.25,OPT,32,9.388246677874122,4.9512702082283795,1.017612606409108,1.166459571904662,64
6,0.25,OPT-unw,32,32.62324685277417,72.22662314772606,3.536105132134916,17.01572169844499,64
6,0.25,PR-hi,32,136.69081478379667,2416.3150857388973,14.81621660327117,569.254704745002,64
6,0.25,PR-en,32,24.3669577378314,60.845737925497815,2.641187883600651,14.334522340317752,64
6,0.25,PR-2n,32,23.10182017274201,57.476071616401896,2.504056853787509,13.540669580305288,64
6,0.25,FOLD-mean,32,79.4012072077021,716.3486909344792,8.606470642605196,168.76311577042406,64
6,0.25,OPT-joint,32,9.376235302828718,4.9852296931203455,1.0163106671774391,1.1744600171527024,64
6,0.25,OPT-layer,32,9.40278394165216,5.131638712133281,1.0191883322491726,1.2089522170243627,64
6,0.125,EXACT,64,15.698339431895874,9.803479711525142,1.0,1.0,64
6,0.125,NOPE,1,254.21577568724751,4836.578563719988,16.1938004201089,493.35324864639864,64
6,0.125,OPT,4,36.071949182776734,65.38579280208796,2.297819418370186,6.669651463165603,64
6,0.125,OPT-unw,4,170.19132000301033,162.81541898380965,10.841358141181209,16.607921245800203,64
6,0.125,PR-hi,4,252.60819034278393,4829.661704450846,16.091395617904325,492.64769720214866,64
6,0.125,PR-en,4,115.14312732219696,925.7007401585579,7.334732939220899,94.42573120953043,64
6,0.125,PR-2n,4,115.43169232271612,931.2782071083784,7.35311481978674,94.99465847963673,64
6,0.125,FOLD-mean,4,138.1938507258892,1380.468167103827,8.803087188005824,140.8140994550052,64
6,0.125,OPT-joint,4,36.336088944924995,65.78803042229265,2.314645386702326,6.710681549628862,64
6,0.125,OPT-layer,4,48.246097802883014,95.25751083996147,3.0733249215427607,9.7167040319342,64
6,0.125,OPT,8,20.98764180485159,33.74317021202296,1.3369338773634183,3.4419584887143593,64
6,0.125,OPT-unw,8,109.30000912863761,131.8926545586437,6.962520437452253,13.453657113564319,64
6,0.125,PR-hi,8,250.53560348786414,4815.261375978589,15.959369752116972,491.1787974955141,64
6,0.125,PR-en,8,79.5859235888347,352.4486943297088,5.0697033233420905,35.951387129955904,64
6,0.125,PR-2n,8,79.36079293722287,347.65348925441504,5.055362274558649,35.46225416733484,64
6,0.125,FOLD-mean,8,120.27819798141718,1174.368576604873,7.661842101403161,119.79099372483678,64
6,0.125,OPT-joint,8,21.308683092240244,34.3014625008218,1.3573845300443228,3.4989068688025537,64
6,0.125,OPT-layer,8,26.514956634957343,54.95169404055923,1.689029387470389,5.605325420927537,64
6,0.125,OPT,16,17.027779141324572,17.883621346205473,1.0846866456924447,1.8242115934795249,64
6,0.125,OPT-unw,16,54.821496217977256,94.88260386604816,3.492184409428107,9.678461797039526,64
6,0.125,PR-hi,16,239.1921715773642,4596.771192073822,15.236781738288428,468.8917942748203,64
6,0.125,PR-en,16,58.628678863402456,176.30598919373006,3.734705770489377,17.98402142725523,64
6,0.125,PR-2n,16,57.94298860896379,170.35302320774645,3.6910266121036512,17.376791529182892,64
6,0.125,FOLD-mean,16,109.97433356381953,941.8697678484023,7.005475581727692,96.07504636757943,64
6,0.125,OPT-joint,16,17.08082022133749,18.09368879115209,1.0880654158001382,1.8456394386047266,64
6,0.125,OPT-layer,16,18.783578958013095,24.51277677435428,1.1965328587461062,2.5004159232906487,64
6,0.125,OPT,32,15.86220219603274,10.44160670763813,1.010438222771762,1.0650918872574189,64
6,0.125,OPT-unw,32,38.69420961919241,77.51910356292501,2.4648600437682946,7.9073049411008824,64
6,0.125,PR-hi,32,144.81234212219715,2418.822323203087,9.224691742106655,246.73099699073964,64
6,0.125,PR-en,32,30.79509697307367,64.53217414021492,1.961678628919452,6.5825784353233034,64
6,0.125,PR-2n,32,29.537407454452477,61.14136036206037,1.88156254249659,6.236699841402387,64
6,0.125,FOLD-mean,32,86.72786374110729,717.5963710173965,5.52465208930912,73.19812884131107,64
6,0.125,OPT-joint,32,15.848704165080562,10.474186493549496,1.0095783846334203,1.068415175199053,64
6,0.125,OPT-layer,32,15.883549262071028,10.619275325210765,1.0117980523340477,1.0832149030437181,64
7,0.25,EXACT,64,11.176148639176972,4.700138515094295,1.0,1.0,64
7,0.25,NOPE,1,236.89111999049783,4474.229479491711,21.196131837411105,951.9356642624282,64
7,0.25,OPT,4,31.699519493617117,62.512733006384224,2.8363545007353728,13.30018951688918,64
7,0.25,OPT-unw,4,179.94668129389174,165.84718793071806,16.100956340461064,35.285595817677894,64
7,0.25,PR-hi,4,236.38963272981346,4473.695836484432,21.15126063205451,951.8221265431536,64
7,0.25,PR-en,4,98.79086154140532,873.0981174483895,8.839436976983551,185.7600823134195,64
7,0.25,PR-2n,4,98.86545218992978,884.2345390096307,8.846111069368382,188.1294638806812,64
7,0.25,FOLD-mean,4,136.49788437597454,1461.327410839498,12.213320418582626,310.9115627436313,64
7,0.25,OPT-joint,4,33.369175696279854,64.08986882539466,2.985749096008552,13.635740440323785,64
7,0.25,OPT-layer,4,42.37297481135465,88.83939158404246,3.7913753815710756,18.901441159391055,64
7,0.25,OPT,8,16.491622035973705,29.388407632010058,1.475608688503285,6.252668413415995,64
7,0.25,OPT-unw,8,120.44208267983049,121.45708918944001,10.776707304843077,25.841172297238842,64
7,0.25,PR-hi,8,235.81584166549146,4471.746903657913,21.09991995264455,951.4074722047208,64
7,0.25,PR-en,8,71.17757436074317,340.1362068504095,6.3687032678893205,72.36727295548344,64
7,0.25,PR-2n,8,64.57108736457303,320.3009062074125,5.777579508760733,68.14712059629301,64
7,0.25,FOLD-mean,8,126.33552136085927,1151.1335256546736,11.30403016634922,244.91480877805137,64
7,0.25,OPT-joint,8,16.54269566293806,29.50637753913179,1.4801785657135182,6.277767653947498,64
7,0.25,OPT-layer,8,23.997911875136197,51.32577888062224,2.147243442254669,10.920056657009507,64
7,0.25,OPT,16,12.430323924403638,12.977892792550847,1.1122189159895626,2.7611724103178865,64
7,0.25,OPT-unw,16,73.75530749594327,85.28585113026202,6.599349192386432,18.145391004194906,64
7,0.25,PR-hi,16,227.73572753369808,4283.7223064899445,20.37694154633835,911.4034177360842,64
7,0.25,PR-en,16,44.72716552275233,156.36927942559123,4.002019565663732,33.269078969357594,64
7,0.25,PR-2n,16,41.75709281046875,149.83907437697053,3.736268562507576,31.879714586233728,64
7,0.25,FOLD-mean,16,101.56226605735719,948.9415129758418,9.087411892621033,201.89649941769937,64
7,0.25,OPT-joint,16,12.473182267742231,13.146647473797202,1.116053720332479,2.7970766035037697,64
7,0.25,OPT-layer,16,13.97185022116173,19.61007261974737,1.2501489262754328,4.172232915428014,64
7,0.25,OPT,32,11.34016874700319,5.51814481371548,1.0146759060855062,1.1740387641756074,64
7,0.25,OPT-unw,32,46.26786184508819,68.11476232856512,4.139875312941026,14.49207552284203,64
7,0.25,PR-hi,32,148.16863755881786,2259.4664589464664,13.257575784150381,480.7233769154432,64
7,0.25,PR-en,32,20.579858505981974,53.738803329644725,1.8414088046253387,11.433450983851825,64
7,0.25,PR-2n,32,19.56599460891448,50.43789557716809,1.7506920532827979,10.731150883147153,64
7,0.25,FOLD-mean,32,74.31869789585471,731.1468585729599,6.649759259226141,155.55857688553493,64
7,0.25,OPT-joint,32,11.324196659203153,5.537665287847631,1.0132467833782393,1.1781919341448457,64
7,0.25,OPT-layer,32,11.343586738279555,5.682092068134807,1.0149817351673047,1.208920130733809,64
7,0.125,EXACT,64,18.673358828993514,10.67823829408735,1.0,1.0,64
7,0.125,NOPE,1,248.66024723649025,4473.317257493734,13.316310660212002,418.9190327369502,64
7,0.125,OPT,4,40.45249744364992,66.94631195161492,2.166321432266414,6.269415432383052,64
7,0.125,OPT-unw,4,189.04068137006834,170.29697047919035,10.123549978408333,15.948039909681125,64
7,0.125,PR-hi,4,248.05986608751118,4472.948833927512,13.284158911055505,418.88453045707263,64
7,0.125,PR-en,4,106.86655440926552,873.3749674335122,5.722942261642684,81.79017393881432,64
7,0.125,PR-2n,4,106.78757634758949,884.4834947958589,5.718712810347966,82.83046982437229,64
7,0.125,FOLD-mean,4,146.13379416801035,1460.9492866322398,7.825790502194666,136.81557260631487,64
7,0.125,OPT-joint,4,42.16019801329821,68.52022450882941,2.257772605313911,6.416809835267467,64
7,0.125,OPT-layer,4,51.48005284531973,93.31487312167883,2.756871611409745,8.738789166500267,64
7,0.125,OPT,8,24.484911770792678,34.2470084852539,1.3112216176543319,3.207177770533255,64
7,0.125,OPT-unw,8,129.22525735897943,126.42754347808659,6.920300656266273,11.839737978884664,64
7,0.125,PR-hi,8,247.51703018695116,4471.202072992921,13.25508883825654,418.72094907908837,64
7,0.125,PR-en,8,78.77438007527962,341.37227043509483,4.218543690863435,31.968969134554353,64
7,0.125,PR-2n,8,72.18256442202255,321.565378241241,3.865537265312282,30.114085243751774,64
7,0.125,FOLD-mean,8,135.03628848772496,1150.6914461031556,7.231494329668132,107.76042025024907,64
7,0.125,OPT-joint,8,24.51153270609211,34.38877895101905,1.3126472280944903,3.2204543487347035,64
7,0.125,OPT-layer,8,32.413413904141635,56.253488841000944,1.7358105845325686,5.26804958755688,64
7,0.125,OPT,16,20.033492205897346,18.396653783507645,1.0728381749293008,1.7228173109504459,64
7,0.125,OPT-unw,16,81.90484035154805,90.67329756077379,4.386186818430173,8.491409824688079,64
7,0.125,PR-hi,16,239.0929832868278,4283.642248257995,12.803962344235357,401.15627037747333,64
7,0.125,PR-en,16,52.10747594386339,158.52743155043572,2.7904715172590064,14.84584134427998,64
7,0.125,PR-2n,16,49.096925417892635,151.98447906505316,2.6292498241752544,14.233104270505793,64
7,0.125,FOLD-mean,16,109.92416675388813,949.0449339337647,5.886684220045751,88.87654571815096,64
7,0.125,OPT-joint,16,20.075876960065216,18.577982370508835,1.0751079730173694,1.7397984441680472,64
7,0.125,OPT-layer,16,21.744429509271868,25.038714915979654,1.1644626822845605,2.344835751590583,64
7,0.125,OPT,32,18.848077983944677,11.400366170797497,1.0093566003069507,1.067626124911447,64
7,0.125,OPT-unw,32,53.8264553276822,73.77957579027861,2.8825266959529325,6.909339701768139,64
7,0.125,PR-hi,32,156.9893550183624,2261.6480729058385,8.407129989630477,211.79973799218698,64
7,0.125,PR-en,32,28.16899896529503,57.61623148666695,1.5085127010764634,5.395668264733298,64
7,0.125,PR-2n,32,27.07211569370702,54.28434551646933,1.4497721562375285,5.083642453130787,64
7,0.125,FOLD-mean,32,82.85188995487988,732.3054924085736,4.4369034362601365,68.57924240312737,64
7,0.125,OPT-joint,32,18.827587991254404,11.418393115280196,1.0082593155132553,1.0693143195355246,64
7,0.125,OPT-layer,32,18.85439223132562,11.556093436200172,1.0096947423326446,1.0822097351581768,64
8,0.25,EXACT,64,9.648575516010169,5.000658230041154,1.0,1.0,64
8,0.25,NOPE,1,282.8971883766353,5190.8180495500565,29.32009890032115,1038.0269578045804,64
8,0.25,OPT,4,33.48008325439878,65.98287217877805,3.4699508957404417,13.194837388084215,64
8,0.25,OPT-unw,4,260.9456393569708,171.8088706387207,27.044991141332304,34.35725113277873,64
8,0.25,PR-hi,4,281.5882224775851,5190.5651346594095,29.184434739650154,1037.9763814846217,64
8,0.25,PR-en,4,132.19483433570713,989.4744211472571,13.700969030749906,197.86883558709312,64
8,0.25,PR-2n,4,129.98319979663938,988.1679692603648,13.471750268312082,197.6075796030221,64
8,0.25,FOLD-mean,4,204.3239661315456,1660.0757760107517,21.176593974157612,331.97145248558405,64
8,0.25,OPT-joint,4,34.85261082951911,68.30646516010165,3.612202731033937,13.659494814053613,64
8,0.25,OPT-layer,4,56.48520334647037,100.44583394238725,5.854253122934343,20.08652247797399,64
8,0.25,OPT,8,15.585774488397874,30.53936784155667,1.6153446135687008,6.107069596976904,64
8,0.25,OPT-unw,8,138.61998348496854,127.61747496854514,14.366885894705625,25.52013536975809,64
8,0.25,PR-hi,8,279.8280859105289,5180.7672269791365,29.002010239356245,1036.0170578856976,64
8,0.25,PR-en,8,80.05040951538831,351.4742925167084,8.296603926927688,70.28560568391731,64
8,0.25,PR-2n,8,80.06593958940357,351.6022372543812,8.298213498619331,70.31119126321248,64
8,0.25,FOLD-mean,8,174.5011880910024,1408.2350253388286,18.08569439099558,281.60993224430763,64
8,0.25,OPT-joint,8,15.986788836191408,30.944815712049603,1.6569066397069758,6.188148497361904,64
8,0.25,OPT-layer,8,23.750399538548663,54.50918058399111,2.4615446600525557,10.90040112250233,64
8,0.25,OPT,16,10.987872974772472,13.53642880381085,1.1388077915273573,2.7069294043115297,64
8,0.25,OPT-unw,16,55.28186821588315,88.09227169211954,5.729536771946522,17.616135244538512,64
8,0.25,PR-hi,16,268.035074448213,4979.200957939029,27.779756089741372,995.709110458055,64
8,0.25,PR-en,16,45.060828670393676,134.4687752611935,4.670205316383014,26.890215062765222,64
8,0.25,PR-2n,16,41.75169809511863,127.5694529414177,4.327239604005668,25.51053222854781,64
8,0.25,FOLD-mean,16,138.36563199851662,1217.9873538091779,14.34052433635643,243.56540634834673,64
8,0.25,OPT-joint,16,11.047072825254872,13.608889655210078,1.1449433967660962,2.7214196670061335,64
8,0.25,OPT-layer,16,13.398149849032052,19.948494971031323,1.3886142909696984,3.989173835394696,64
8,0.25,OPT,32,9.813101688749157,5.7954118344932795,1.0170518614344661,1.1589297984168747,64
8,0.25,OPT-unw,32,31.10170459630899,69.96010434813797,3.2234503989424144,13.990179118392225,64
8,0.25,PR-hi,32,168.91471718251705,2616.3376439362764,17.506700020353453,523.1986517732377,64
8,0.25,PR-en,32,20.005316070630215,50.59976423252374,2.073395812411355,10.118620770471514,64
8,0.25,PR-2n,32,19.86614002904389,50.33782078232616,2.058971295408261,10.066238976286108,64
8,0.25,FOLD-mean,32,92.77624846668914,784.4644730947912,9.615538409036935,156.8722430143632,64
8,0.25,OPT-joint,32,9.810658825386781,5.802970497170463,1.0167986775983318,1.1604413319649536,64
8,0.25,OPT-layer,32,9.889219839300495,5.9821761212078854,1.0249409172256585,1.1962777390524955,64
8,0.125,EXACT,64,17.096520047751255,11.685893345158547,1.0,1.0,64
8,0.125,NOPE,1,295.52714517712593,5189.106990039349,17.285806956720254,444.0488062634244,64
8,0.125,OPT,4,42.318689931649715,71.13656075205654,2.4752809234541266,6.087387472308939,64
8,0.125,OPT-unw,4,270.93821966834366,176.968766274862,15.84756540580203,15.143794406456735,64
8,0.125,PR-hi,4,294.15733289159834,5188.938841238618,17.205684669745967,444.03441722223056,64
8,0.125,PR-en,4,140.768227503635,990.3996013253927,8.233735702380589,84.75172347313217,64
8,0.125,PR-2n,4,138.52019576821476,989.0938686430454,8.102245099079953,84.63998766964838,64
8,0.125,FOLD-mean,4,213.688574985601,1660.2790022417903,12.498951505263081,142.07548821499745,64
8,0.125,OPT-joint,4,43.71340998308733,73.45934170205146,2.556860101412103,6.2861554125415315,64
8,0.125,OPT-layer,4,65.9173760456033,105.60959392320365,3.8556019506597523,9.03735733365713,64
8,0.125,OPT,8,23.524106671335176,36.09781268844381,1.3759587685465473,3.089007542876394,64
8,0.125,OPT-unw,8,147.45750450110063,133.25283144321293,8.625001116557405,11.40287930990055,64
8,0.125,PR-hi,8,292.4037786833942,5179.335337102413,17.103116766844884,443.21261405729035,64
8,0.125,PR-en,8,88.24214363796636,353.24834633618593,5.161409654801244,30.22861290125811,64
8,0.125,PR-2n,8,88.2725320183672,353.37141512334347,5.163187114794036,30.2391442986894,64
8,0.125,FOLD-mean,8,183.79736694227904,1408.6929141804576,10.75057183736373,120.54644626412559,64
8,0.125,OPT-joint,8,23.954518034588546,36.53080908162519,1.4011341470476233,3.126060456196091,64
8,0.125,OPT-layer,8,32.14676344068721,60.14976304769516,1.8803103409875244,5.1472113659684515,64
8,0.125,OPT,16,18.530397827271372,19.669158389791846,1.0838695696852483,1.6831540224471377,64
8,0.125,OPT-unw,16,63.10748647991568,94.15218017157167,3.6912474763082765,8.056909077522842,64
8,0.125,PR-hi,16,280.20637713745236,4978.271803319454,16.389673240801336,426.0069518246927,64
8,0.125,PR-en,16,53.24892595293932,137.21807518042624,3.1146061189185263,11.742198146731806,64
8,0.125,PR-2n,16,49.908236174844205,130.34925393387675,2.9192043781686876,11.154410714169346,64
8,0.125,FOLD-mean,16,147.5625202683732,1219.0620501562953,8.631143639537475,104.31911486350775,64
8,0.125,OPT-joint,16,18.58936699933838,19.7548036291264,1.0873187612109099,1.6904829648570079,64
8,0.125,OPT-layer,16,21.23368211905472,26.11072526080534,1.2419885485319941,2.2343799048639257,64
8,0.125,OPT,32,17.26266779669095,12.395829429617152,1.0097182203440018,1.060751545773155,64
8,0.125,OPT-unw,32,38.251160827465355,76.2847920297645,2.237365307128489,6.527938410576819,64
8,0.125,PR-hi,32,179.32741682231426,2617.7721540033817,10.489118038141429,224.01129949452448,64
8,0.125,PR-en,32,27.67316581076011,55.07288441993296,1.6186431936714527,4.71276630662983,64
8,0.125,PR-2n,32,27.488416853593662,54.80753631144762,1.6078369619558501,4.690059603714792,64
8,0.125,FOLD-mean,32,101.67375563643873,786.5726903863251,5.947043921947853,67.3095900462074,64
8,0.125,OPT-joint,32,17.257748542819172,12.40361678157933,1.0094304861233514,1.0614179348742845,64
8,0.125,OPT-layer,32,17.36871226830408,12.5727346080821,1.0159209137176795,1.0758898987633643,64
9,0.25,EXACT,64,10.647470140364021,5.489064128836617,1.0,1.0,64
9,0.25,NOPE,1,252.39324501156807,5704.324899673462,23.70452714910728,1039.2162973112265,64
9,0.25,OPT,4,34.54397556674667,80.01882431283593,3.2443364584599492,14.577862898788098,64
9,0.25,OPT-unw,4,397.71111712697893,195.22398616187274,37.35263981809878,35.56598749434717,64
9,0.25,PR-hi,4,252.12866962701082,5709.925851359963,23.679678487305992,1040.2366810333035,64
9,0.25,PR-en,4,91.34204329736531,1069.6404623165727,8.578755525323546,194.86754703725393,64
9,0.25,PR-2n,4,91.62401768192649,1080.0619525313377,8.605238284217814,196.7661384856606,64
9,0.25,FOLD-mean,4,171.60314776934683,1594.1764636859298,16.11680009496415,290.4277352692923,64
9,0.25,OPT-joint,4,36.59138084296137,81.81221566349268,3.436626763032215,14.904583685531184,64
9,0.25,OPT-layer,4,54.78560386458412,117.00020075403154,5.145410425420651,21.315145534440898,64
9,0.25,OPT,8,17.014552923617885,36.49045723862946,1.5979901985464673,6.647846769894352,64
9,0.25,OPT-unw,8,209.45048203878105,149.18068023398519,19.671384777569354,27.177798752663396,64
9,0.25,PR-hi,8,251.55229296535254,5704.8206900805235,23.62554575398437,1039.3066206150584,64
9,0.25,PR-en,8,53.550695391371846,361.8507237881422,5.029429027310804,65.92211628338816,64
9,0.25,PR-2n,8,52.80289763584733,352.94382098689675,4.959196592219048,64.29945300378584,64
9,0.25,FOLD-mean,8,154.3760977704078,1404.9430377706885,14.498852378573556,255.95311054754612,64
9,0.25,OPT-joint,8,17.458810038515367,37.207853195257485,1.6397143930303124,6.778542265481516,64
9,0.25,OPT-layer,8,24.8788220428396,62.99788853991777,2.33659467599963,11.476981696927249,64
9,0.25,OPT,16,12.11108409264125,15.601135964971036,1.1374611934086334,2.842221478705447,64
9,0.25,OPT-unw,16,77.6280038007535,101.69100853288546,7.290746325408293,18.526110489155176,64
9,0.25,PR-hi,16,239.44941315054893,5420.009772434831,22.488855098340057,987.4196484535476,64
9,0.25,PR-en,16,39.05054227728397,138.95006013661623,3.6675888039587297,25.313980102117352,64
9,0.25,PR-2n,16,37.18028694647364,132.9208737052977,3.4919362492997332,24.21558039502623,64
9,0.25,FOLD-mean,16,142.16010131128132,1211.518042512238,13.351537918135085,220.7148639688081,64
9,0.25,OPT-joint,16,12.187818568898365,15.72982452204451,1.1446680204995325,2.86566601388539,64
9,0.25,OPT-layer,16,13.615414450294338,22.734191553201526,1.27874643185699,4.141724530738893,64
9,0.25,OPT,32,10.835348836961202,6.43302973266691,1.017645383750356,1.1719720487270682,64
9,0.25,OPT-unw,32,32.860577604267746,78.2117269821465,3.086233365397754,14.248645150867118,64
9,0.25,PR-hi,32,143.2785940375179,2843.7117640674114,13.456585662950676,518.0685991858003,64
9,0.25,PR-en,32,21.91585728537757,55.832911093719304,2.0583159188487095,10.17166310745086,64
9,0.25,PR-2n,32,21.47256663243752,54.162333112210035,2.0166824935283083,9.867316511692769,64
9,0.25,FOLD-mean,32,96.36789366323501,796.7024405747652,9.05077848473218,145.1435840199635,64
9,0.25,OPT-joint,32,10.829374808818102,6.447703781537712,1.0170843088598567,1.1746453730909998,64
9,0.25,OPT-layer,32,10.870953839214053,6.6023971433751285,1.020989370799249,1.2028274744850682,64
9,0.125,EXACT,64,18.384612236055546,12.192301244707778,1.0,1.0,64
9,0.125,NOPE,1,261.4141409471631,5702.586348965764,14.219181649884503,467.7202633457768,64
9,0.125,OPT,4,43.958113538101315,84.79836842231452,2.391027505703466,6.9550749050858895,64
9,0.125,OPT-unw,4,410.28565389011055,200.21976107545197,22.316796711407722,16.42181874093374,64
9,0.125,PR-hi,4,261.18097012490034,5708.33161097765,14.206498715957538,468.19148382307424,64
9,0.125,PR-en,4,97.50287515018135,1069.5899544507265,5.30350457753798,87.72666726185062,64
9,0.125,PR-2n,4,97.7897859076038,1080.0027941316366,5.319110604672987,88.58071765577687,64
9,0.125,FOLD-mean,4,180.5478054434061,1593.5278085842729,9.820593609764542,130.6995108307354,64
9,0.125,OPT-joint,4,46.043321264442056,86.59777611214668,2.5044488658913777,7.10266047188881,64
9,0.125,OPT-layer,4,65.07365069026127,121.83600223716348,3.539571564236753,9.992863512132129,64
9,0.125,OPT,8,25.362325247609988,41.83910791389644,1.3795409401058722,3.4316005710617783,64
9,0.125,OPT-unw,8,220.54157775547355,154.71656989492476,11.995987455365073,12.689693831349635,64
9,0.125,PR-hi,8,260.68733660131693,5703.420428141952,14.179648352335763,467.7886736613888,64
9,0.125,PR-en,8,60.49587833881378,362.92243821173906,3.290571351848827,29.766524869066053,64
9,0.125,PR-2n,8,59.75817238353193,354.0218597613275,3.2504450796267195,29.036508584874014,64
9,0.125,FOLD-mean,8,163.27147940918803,1404.6110812872648,8.880876969979447,115.20475528743631,64
9,0.125,OPT-joint,8,25.811710734618828,42.5895743817091,1.4039845063469656,3.4931530583855643,64
9,0.125,OPT-layer,8,33.972745462320745,68.48139502760023,1.8478902370153913,5.616773540378642,64
9,0.125,OPT,16,19.941868061898276,21.63240240747109,1.084704306288749,1.7742673817923345,64
9,0.125,OPT-unw,16,86.9387973304838,107.69842950999737,4.7288893675973815,8.833314347178325,64
9,0.125,PR-hi,16,248.72608283907175,5419.152158737183,13.529036111584391,444.47328276845474,64
9,0.125,PR-en,16,46.67137165856548,141.07949333637953,2.5386106086607847,11.571194847044717,64
9,0.125,PR-2n,16,44.76617282116786,135.09787204302847,2.4349805286278112,11.080588424738062,64
9,0.125,FOLD-mean,16,150.7028020247817,1211.539967700839,8.197224944958387,99.36926125629674,64
9,0.125,OPT-joint,16,20.028108126600273,21.776347007136792,1.0893951892725555,1.7860735697117958,64
9,0.125,OPT-layer,16,21.754500365117565,28.80257420288399,1.1832993856924032,2.362357493043908,64
9,0.125,OPT,32,18.570443773875013,13.033886088291183,1.0101079933279755,1.069025922727156,64
9,0.125,OPT-unw,32,40.55496450467035,84.51349786575884,2.205918949170695,6.9317101152207,64
9,0.125,PR-hi,32,151.99958691187203,2845.4183341413736,8.267761373491108,233.3782833143549,64
9,0.125,PR-en,32,29.680489774327725,59.92441901192069,1.6144202223704738,4.914939174254052,64
9,0.125,PR-2n,32,29.240090623265132,58.254643397405744,1.5904654527289965,4.777985896853714,64
9,0.125,FOLD-mean,32,105.40507692098618,798.1394256800413,5.733331525712997,65.46257426394249,64
9,0.125,OPT-joint,32,18.562830049777403,13.047893417999148,1.0096938576366783,1.0701747894937186,64
9,0.125,OPT-layer,32,18.626138167921454,13.194587623467669,1.0131373960334193,1.0822064972512835,64
10,0.25,EXACT,64,9.938393667456694,5.553460476454347,1.0,1.0,64
10,0.25,NOPE,1,247.1447169482708,5545.077845424414,24.86767230377954,998.4905571822336,64
10,0.25,OPT,4,34.07603554893285,75.88719536922872,3.428726682513589,13.664848375346596,64
10,0.25,OPT-unw,4,457.0084256725386,187.41022513248026,45.984133952050456,33.74656683469077,64
10,0.25,PR-hi,4,245.8944255039096,5527.845251739025,24.7418681259419,995.3875201194055,64
10,0.25,PR-en,4,93.83304434642196,1053.7620461210608,9.441469867880018,189.7487252477655,64
10,0.25,PR-2n,4,93.43449689634144,1049.895819351077,9.401368070404883,189.05254188851123,64
10,0.25,FOLD-mean,4,193.83306633494794,1581.1570339649916,19.503460299590973,284.7156364340409,64
10,0.25,OPT-joint,4,35.8714127256535,77.17373823653907,3.60937732252593,13.896513455662744,64
10,0.25,OPT-layer,4,67.32709284638986,115.6060840766877,6.774444150552485,20.81694550034816,64
10,0.25,OPT,8,15.787499969825149,34.9203991163522,1.5885363870744398,6.28804315154637,64
10,0.25,OPT-unw,8,270.025055735372,139.29983389098197,27.169889297057132,25.08342941875389,64
10,0.25,PR-hi,8,245.06061544641852,5521.089722797275,24.65797025618641,994.1710661677852,64
10,0.25,PR-en,8,56.25671725673601,394.5748113542795,5.660544262897216,71.05026010848628,64
10,0.25,PR-2n,8,55.9198884353973,385.7591282054782,5.62665258657515,69.46283850241234,64
10,0.25,FOLD-mean,8,185.98865825682878,1547.6830418780446,18.714156882902447,278.6880447677509,64
10,0.25,OPT-joint,8,16.05921579990536,35.45854349993169,1.6158764018868885,6.384945683915355,64
10,0.25,OPT-layer,8,32.954660610994324,60.226222281344235,3.3158940683648384,10.844809742806735,64
10,0.25,OPT,16,11.520551425637677,15.024404622381553,1.1591965272377733,2.7054130818220945,64
10,0.25,OPT-unw,16,113.95809730840847,96.10341294435784,11.466450326028507,17.305140344802787,64
10,0.25,PR-hi,16,235.4895987957716,5316.924011990428,23.69493568833796,957.4073741108286,64
10,0.25,PR-en,16,37.8862995787058,156.08986889757216,3.8121150003108277,28.106775866932797,64
10,0.25,PR-2n,16,36.733173727057874,146.32048406638205,3.69608761296514,26.347623195799095,64
10,0.25,FOLD-mean,16,150.33784774504602,1233.9125711917877,15.126976529147546,222.18805309290494,64
10,0.25,OPT-joint,16,11.538868206553161,15.153121713548899,1.161039559575631,2.728590898917054,64
10,0.25,OPT-layer,16,20.535474604112096,22.345006252638996,2.066277035428329,4.023618489296488,64
10,0.25,OPT,32,10.136783491703682,6.424033384420909,1.0199619607438792,1.1567622407069666,64
10,0.25,OPT-unw,32,51.91861299239099,75.11275133816525,5.22404472288099,13.525395860226164,64
10,0.25,PR-hi,32,141.73394249938428,2940.1185299158096,14.261252596935519,529.4209875772723,64
10,0.25,PR-en,32,22.17622326523997,55.748557108454406,2.231368972418158,10.038525950588475,64
10,0.25,PR-2n,32,21.993297779699787,55.1787695158273,2.212963031613139,9.935925491821747,64
10,0.25,FOLD-mean,32,95.55940095707774,785.1774527058005,9.615175666666067,141.38525988161953,64
10,0.25,OPT-joint,32,10.131457774783485,6.442798577481881,1.0194260877347794,1.1601412497303554,64
10,0.25,OPT-layer,32,10.354666937724687,6.6780087241204455,1.0418853674141608,1.2024950483457975,64
10,0.125,EXACT,64,17.99339897313621,12.590014678658918,1.0,1.0,64
10,0.125,NOPE,1,256.31985980272293,5544.826476722956,14.245216269888944,440.41461572891416,64
10,0.125,OPT,4,43.736002563498914,81.11182001419365,2.430669304270744,6.4425516637152676,64
10,0.125,OPT-unw,4,469.7705246498808,192.78035417944193,26.1079368801436,15.312162781368322,64
10,0.125,PR-hi,4,254.95509103685617,5527.656506121159,14.169367967525153,439.05083887558754,64
10,0.125,PR-en,4,100.98131213150918,1054.567923180759,5.61213099772157,83.76224731241466,64
10,0.125,PR-2n,4,100.59378544613719,1050.7148929834366,5.590593839236363,83.45620873377395,64
10,0.125,FOLD-mean,4,204.23216414265335,1580.8409796655178,11.350393799835592,125.56307677267206,64
10,0.125,OPT-joint,4,45.58880124613643,82.3951298026368,2.533640326332985,6.544482425608537,64
10,0.125,OPT-layer,4,78.12502483651042,120.80072078108788,4.34187142480137,9.594962664011407,64
10,0.125,OPT,8,24.232126420363784,40.70781453512609,1.346723120881267,3.2333413084997504,64
10,0.125,OPT-unw,8,281.53922503162175,145.2547416239977,15.646806112172262,11.537297241616097,64
10,0.125,PR-hi,8,254.06630473211408,5521.006973415613,14.119972836229001,438.5226796259548,64
10,0.125,PR-en,8,64.39118305314332,396.2895177491009,3.5786003049939645,31.476493702651783,64
10,0.125,PR-2n,8,64.05756533425301,387.465362675488,3.560059187810469,30.775608493314373,64
10,0.125,FOLD-mean,8,196.27240008302033,1547.625509172678,10.908022457349563,122.92483755368666,64
10,0.125,OPT-joint,8,24.506520729977638,41.25915046548471,1.3619728416273875,3.2771328325313447,64
10,0.125,OPT-layer,8,42.73540596012026,66.10289767012,2.3750602109097554,5.250422605318301,64
10,0.125,OPT,16,19.661099765100516,21.486383511219174,1.0926840334310461,1.7066210055847126,64
10,0.125,OPT-unw,16,123.67186006344855,102.5185554753989,6.873179450313318,8.142846381996366,64
10,0.125,PR-hi,16,244.38422901183367,5317.363854259253,13.581882410137991,422.3477088769888,64
10,0.125,PR-en,16,46.305650227935985,158.78908539004624,2.5734798798753595,12.612303435928986,64
10,0.125,PR-2n,16,45.21250871568918,149.02299163490534,2.5127275165292877,11.836601897495102,64
10,0.125,FOLD-mean,16,160.42418384365737,1234.6266103982925,8.915724265502451,98.0639532129445,64
10,0.125,OPT-joint,16,19.67214387806598,21.62563969939947,1.0932978203526806,1.717681849573747,64
10,0.125,OPT-layer,16,29.586484455969185,28.844259626232088,1.64429658343825,2.291042573216806,64
10,0.125,OPT,32,18.189429869526066,13.382656006375328,1.010894600663417,1.0629579351531655,64
10,0.125,OPT-unw,32,60.68646396836266,81.79592391010374,3.3727070721305275,6.496888685027062,64
10,0.125,PR-hi,32,150.65007629431784,2942.5858173668385,8.372519084317279,233.7237797152657,64
10,0.125,PR-en,32,30.719454477308318,60.36888423282653,1.707262453479293,4.794981242965238,64
10,0.125,PR-2n,32,30.535859303548932,59.78971969522536,1.6970589797479825,4.748979347623297,64
10,0.125,FOLD-mean,32,105.67588570900261,787.0505264140666,5.8730363210850065,62.5138688478402,64
10,0.125,OPT-joint,32,18.184234131826088,13.401553297881037,1.0106058426745714,1.0644589096943424,64
10,0.125,OPT-layer,32,18.49812977667898,13.630987813929096,1.0280508871223455,1.0826824401590818,64
11,0.25,EXACT,64,12.229165974189527,5.647848560358398,1.0,1.0,64
11,0.25,NOPE,1,230.04656962957233,3337.98382537812,18.8113048849857,591.0186489076648,64
11,0.25,OPT,4,32.65736875985749,50.41166850877926,2.670449385410506,8.925818029649907,64
11,0.25,OPT-unw,4,188.65503971558064,119.81268715020269,15.426648073445868,21.21386327373475,64
11,0.25,PR-hi,4,229.38931744452566,3338.381831251085,18.757560239894296,591.0891192591113,64
11,0.25,PR-en,4,107.4124678010121,670.5075831785798,8.78330280476308,118.7191150776945,64
11,0.25,PR-2n,4,107.4124678010121,670.5075831785798,8.78330280476308,118.7191150776945,64
11,0.25,FOLD-mean,4,227.7746900115162,1036.3838374912739,18.62552936907144,183.50064213221532,64
11,0.25,OPT-joint,4,34.126309962943196,52.2560829394497,2.7905672418682563,9.25238741460406,64
11,0.25,OPT-layer,4,58.47648058645427,79.54255770007148,4.781722703729167,14.083691665950745,64
11,0.25,OPT,8,17.13275757082738,25.076853410340846,1.4009751447471732,4.440071850784458,64
11,0.25,OPT-unw,8,125.20778343756683,89.3580449600704,10.238456465618851,15.821607822005761,64
11,0.25,PR-hi,8,228.38865128718317,3334.7328534647822,18.6757340418155,590.443036463635,64
11,0.25,PR-en,8,77.9780016313307,294.4499865286052,6.376395724443391,52.13489408963901,64
11,0.25,PR-2n,8,76.65401218598709,286.11489517241716,6.268130823293306,50.659094718053325,64
11,0.25,FOLD-mean,8,205.0671480651945,947.2751965299249,16.768694488078943,167.72319342603146,64
11,0.25,OPT-joint,8,17.581709160935134,25.560740500688553,1.437686690821149,4.52574820792761,64
11,0.25,OPT-layer,8,20.36125389148947,39.76068396633491,1.6649748588303779,7.039969917998616,64
11,0.25,OPT,16,13.653900979901664,12.500697393901646,1.116503039432054,2.213355627422911,64
11,0.25,OPT-unw,16,59.75406177085824,64.4893694203347,4.886192721316661,11.418395647676922,64
11,0.25,PR-hi,16,221.0550482077524,3246.5080522596836,18.076052665758553,574.822079162418,64
11,0.25,PR-en,16,56.96588887413964,159.86193261109293,4.6581990132744915,28.30492547784399,64
11,0.25,PR-2n,16,55.888626258354634,154.020738940686,4.570109390641301,27.270692068788797,64
11,0.25,FOLD-mean,16,156.8014984568581,771.1901163570583,12.821929049601431,136.54582061033884,64
11,0.25,OPT-joint,16,13.710070285247639,12.613251039758325,1.1210961004359299,2.2332842152123713,64
11,0.25,OPT-layer,16,14.842526903259568,16.674044528976083,1.2136990318543157,2.95228251090323,64
11,0.25,OPT,32,12.444607633631676,6.360559384222142,1.017617036181932,1.1261915605999389,64
11,0.25,OPT-unw,32,42.33677298913244,53.092749152565375,3.4619509685686687,9.400526339395377,64
11,0.25,PR-hi,32,146.08991668745875,2015.0066234096885,11.946024528229586,356.7741949656351,64
11,0.25,PR-en,32,27.197160062380135,52.735065325628966,2.2239587000275867,9.337195351831909,64
11,0.25,PR-2n,32,26.56265646405518,51.654797714203596,2.172074246119273,9.145924711360482,64
11,0.25,FOLD-mean,32,105.13735994882882,542.9946602452546,8.597263310574755,96.14185905345833,64
11,0.25,OPT-joint,32,12.434950658644084,6.3743822302203625,1.016827368676562,1.1286390139709874,64
11,0.25,OPT-layer,32,12.47807931934949,6.457001995993778,1.0203540736698897,1.1432675517036233,64
11,0.125,EXACT,64,22.693774394108914,13.586000623414293,1.0,1.0,64
11,0.125,NOPE,1,242.35048041120172,3338.793705224991,10.679161438835559,245.75250640507625,64
11,0.125,OPT,4,44.71115959016606,56.915198543109,1.9701949448203138,4.189253343991505,64
11,0.125,OPT-unw,4,203.03575334930792,126.31506152637303,8.946760015469884,9.297442641705755,64
11,0.125,PR-hi,4,241.63931224681437,3339.239869631827,10.647823850295332,245.78534641584932,64
11,0.125,PR-en,4,118.56234460230917,672.8366063721478,5.224443609216756,49.524258464449964,64
11,0.125,PR-2n,4,118.56234460230917,672.8366063721478,5.224443609216756,49.524258464449964,64
11,0.125,FOLD-mean,4,241.18025066237897,1036.72956276685,10.627595325217785,76.30866444832459,64
11,0.125,OPT-joint,4,46.26109336526133,58.76701931562275,2.0384926968019155,4.325556942367784,64
11,0.125,OPT-layer,4,71.51643584482372,86.08528289850801,3.1513680625726455,6.336322607710432,64
11,0.125,OPT,8,27.98475721734576,32.00517847156152,1.2331468856326664,2.355746871997295,64
11,0.125,OPT-unw,8,138.50103989243507,96.4039763296023,6.103041190379887,7.0958318788428745,64
11,0.125,PR-hi,8,240.65809898730367,3335.753961160779,10.604586738545185,245.52876550085657,64
11,0.125,PR-en,8,89.29214804898947,297.29572167247534,3.934653905441523,21.882504639379448,64
11,0.125,PR-2n,8,87.9640960721299,288.97710052505136,3.8761333634727833,21.270211045554085,64
11,0.125,FOLD-mean,8,217.72188962902874,948.08330674842,9.593903854334044,69.78384095717475,64
11,0.125,OPT-joint,8,28.465895037865266,32.512979061342776,1.2543481989163838,2.393123625013639,64
11,0.125,OPT-layer,8,31.560027291532606,46.784011031966656,1.3906909773336464,3.443545479553304,64
11,0.125,OPT,16,24.15942598890979,19.956139363814145,1.0645838620472645,1.4688751985938726,64
11,0.125,OPT-unw,16,71.7717878925614,71.9264913010411,3.162620137406172,5.294162225863734,64
11,0.125,PR-hi,16,233.2540971748531,3247.884277589619,10.278329779968361,239.06110176324978,64
11,0.125,PR-en,16,68.4146798858419,163.5286388862878,3.0146893459733035,12.036554643200914,64
11,0.125,PR-2n,16,67.33749496401288,157.7206554710865,2.9672232478654164,11.609056987622145,64
11,0.125,FOLD-mean,16,169.52544325776398,773.2274137884378,7.47012992698875,56.91354175678805,64
11,0.125,OPT-joint,16,24.21803954569623,20.077753495424986,1.0671666654085976,1.4778266284503712,64
11,0.125,OPT-layer,16,25.580778190633282,24.140619887970388,1.1272156736198897,1.7768746342000106,64
11,0.125,OPT,32,22.903484914801084,14.21848275931552,1.0092408832946982,1.0465539604650982,64
11,0.125,OPT-unw,32,53.70668913726695,60.77224990911782,2.3665824910645403,4.473152297989897,64
11,0.125,PR-hi,32,157.2237340984866,2018.285346902907,6.928055746394499,148.55625307602057,64
11,0.125,PR-en,32,38.10649419599213,58.46037474088371,1.6791607043508905,4.30298631373035,64
11,0.125,PR-2n,32,37.43495764862746,57.37662900891155,1.649569480973831,4.2232170157587,64
11,0.125,FOLD-mean,32,117.5896831182763,546.3247290048748,5.181583331012644,40.21232915765745,64
11,0.125,OPT-joint,32,22.89366666681599,14.232086956501007,1.0088082427028517,1.0475552998262962,64
11,0.125,OPT-layer,32,22.954302090452984,14.31400295929052,1.0114801395228332,1.0535847418276705,64
12,0.25,EXACT,64,11.201957048091572,6.918492956785485,1.0,1.0,64
12,0.25,NOPE,1,225.46597342938185,4717.198545128107,20.127373499239894,681.824578646365,64
12,0.25,OPT,4,35.14911026740447,65.31056735152379,3.1377651348335305,9.439999109555906,64
12,0.25,OPT-unw,4,288.1782938009128,154.8917085751891,25.725709584827275,22.388070572981533,64
12,0.25,PR-hi,4,224.98687069676816,4712.734523743391,20.084603942942113,681.1793483321044,64
12,0.25,PR-en,4,83.71531926747411,793.4421063661575,7.47327622379487,114.68423995257079,64
12,0.25,PR-2n,4,83.60830828826874,793.1667047590017,7.46372334131675,114.64443336335027,64
12,0.25,FOLD-mean,4,177.525785041973,1299.5830317139626,15.847747342703594,187.84192451036088,64
12,0.25,OPT-joint,4,36.78476661397144,67.815760045778,3.2837803658815403,9.802100033832657,64
12,0.25,OPT-layer,4,62.926998717710376,104.60498499963433,5.617500446355574,15.11962007521311,64
12,0.25,OPT,8,16.888687708065845,30.30414001457393,1.5076551030824652,4.380164900630908,64
12,0.25,OPT-unw,8,150.343998352997,111.82250479236245,13.421226104291344,16.162841458512975,64
12,0.25,PR-hi,8,223.9031067546457,4698.994497470558,19.98785621060662,679.1933628929839,64
12,0.25,PR-en,8,53.984807189088315,300.17946806550026,4.819229975380549,43.38798491817379,64
12,0.25,PR-2n,8,53.62207526480779,294.03854259103537,4.786848854588596,42.50037463760799,64
12,0.25,FOLD-mean,8,166.30798560474068,1072.7402480244637,14.84633309079451,155.05403484907023,64
12,0.25,OPT-joint,8,17.11167301493697,30.643313424661756,1.5275610271914235,4.42918907572314,64
12,0.25,OPT-layer,8,20.886134310625494,49.02506877295673,1.8645076231732,7.086090725130271,64
12,0.25,OPT,16,12.682738679926842,15.35957431863062,1.1321895473690953,2.220075154310352,64
12,0.25,OPT-unw,16,70.9734355462715,77.96200105780736,6.335806791757244,11.268639217352122,64
12,0.25,PR-hi,16,216.22784582339227,4563.787474006414,19.302684780444686,659.6505196309213,64
12,0.25,PR-en,16,40.10662238043733,168.69451931118965,3.580322813973842,24.383130887737376,64
12,0.25,PR-2n,16,39.43206040211953,162.92688001319766,3.520104588227947,23.54947544658596,64
12,0.25,FOLD-mean,16,138.0350552368909,944.7223199792206,12.322405330094293,136.55030450709074,64
12,0.25,OPT-joint,16,12.707625829032622,15.446279416559264,1.1344112260453243,2.232607522048561,64
12,0.25,OPT-layer,16,13.992751615005545,19.5429200171493,1.2491345534474647,2.8247365631820283,64
12,0.25,OPT,32,11.415002876252402,7.805623926222324,1.0190186256960452,1.1282260421421348,64
12,0.25,OPT-unw,32,49.001253767637536,64.70245606871322,4.374347585628858,9.352102614378564,64
12,0.25,PR-hi,32,134.52894095890224,2664.461918234825,12.009414103388421,385.1217215768916,64
12,0.25,PR-en,32,22.868556868750602,59.49660470057279,2.0414787139936963,8.599648084084555,64
12,0.25,PR-2n,32,23.01344462065026,59.683548994362354,2.0544128603466625,8.626669040087151,64
12,0.25,FOLD-mean,32,103.04923309478909,724.0436157844961,9.199216945073463,104.65337181190192,64
12,0.25,OPT-joint,32,11.398506814497523,7.82913712260779,1.0175460203571693,1.1316246430415409,64
12,0.25,OPT-layer,32,11.460206949675921,8.003594191162847,1.023053998553614,1.1568406936532503,64
12,0.125,EXACT,64,18.878164599416777,15.392644374165684,1.0,1.0,64
12,0.125,NOPE,1,232.89883286878467,4715.107654199004,12.336942590064071,306.32213280471984,64
12,0.125,OPT,4,44.330554861575365,71.69921828899533,2.348244959308434,4.6580182420982865,64
12,0.125,OPT-unw,4,299.7984053324908,161.43479183968157,15.880696651079775,10.487788057432574,64
12,0.125,PR-hi,4,232.43978133052588,4710.703033030033,12.312626055697537,306.03598176647694,64
12,0.125,PR-en,4,89.49634320754558,793.9095778912306,4.740733281365206,51.57720522821228,64
12,0.125,PR-2n,4,89.31888511124998,793.6326548308134,4.7313331039612505,51.55921461830239,64
12,0.125,FOLD-mean,4,187.50275455601513,1299.7939883694053,9.93225552031726,84.44254000637606,64
12,0.125,OPT-joint,4,46.02786058327183,74.20836261846125,2.4381533671283817,4.82102755151085,64
12,0.125,OPT-layer,4,73.58359606843442,111.05041465628892,3.897815154695055,7.214511812062058,64
12,0.125,OPT,8,25.085663677658886,37.36586616374552,1.3288189932634598,2.427514418929778,64
12,0.125,OPT-unw,8,160.62435834202915,119.03400655183941,8.508473241460745,7.73317460329433,64
12,0.125,PR-hi,8,231.32089302688837,4697.1047550961375,12.253357142252844,305.15255474748346,64
12,0.125,PR-en,8,60.885173415299505,302.12243773415685,3.225163817947667,19.627715055979948,64
12,0.125,PR-2n,8,60.49407501006499,296.0278674028814,3.204446846063303,19.231774619552773,64
12,0.125,FOLD-mean,8,175.44656832143664,1073.2732692211866,9.293624250254545,69.72637339835642,64
12,0.125,OPT-joint,8,25.312783997505903,37.732281004078686,1.3408498407884375,2.451318960334511,64
12,0.125,OPT-layer,8,29.49414863716811,56.18747994676232,1.5623419576540456,3.650281172029469,64
12,0.125,OPT,16,20.414380946662277,23.15407703910023,1.0813753020933485,1.504229973503512,64
12,0.125,OPT-unw,16,79.7367962594144,85.69902538601309,4.2237578679591445,5.567531042934147,64
12,0.125,PR-hi,16,223.85828378796577,4562.494232341647,11.858053393330497,296.4074347094727,64
12,0.125,PR-en,16,47.43250328814611,171.77706330269575,2.5125590487547442,11.159685050022892,64
12,0.125,PR-2n,16,46.83996100444347,166.04943721741438,2.4811713425727064,10.787583548419024,64
12,0.125,FOLD-mean,16,147.224255008623,945.9404497854412,7.79865300110644,61.454057327087,64
12,0.125,OPT-joint,16,20.437538663391024,23.25721221510321,1.0826019953243984,1.5109302631675854,64
12,0.125,OPT-layer,16,21.92212860705331,27.345917364116758,1.1612425822227745,1.7765574711784353,64
12,0.125,OPT,32,19.0903699407354,16.17026082519442,1.0112407824500682,1.0505187043971373,64
12,0.125,OPT-unw,32,56.9065042338334,72.76421828009188,3.014408733123954,4.7272071329222705,64
12,0.125,PR-hi,32,142.62289834581316,2666.700697004795,7.554913381262676,173.24513138759085,64
12,0.125,PR-en,32,30.333737497916445,64.96726639568806,1.6068160301374623,4.220669614424807,64
12,0.125,PR-2n,32,30.489634030964226,65.16070100385696,1.615074064557429,4.233236305596699,64
12,0.125,FOLD-mean,32,112.20295608974993,726.5032994709909,5.943530977223089,47.19808252637351,64
12,0.125,OPT-joint,32,19.07253180036787,16.19227654207498,1.0102958738349541,1.0519489795561938,64
12,0.125,OPT-layer,32,19.14458288496826,16.356904907384887,1.0141125099396426,1.0626442416117645,64
13,0.25,EXACT,64,9.225732863298617,7.635682834777981,1.0,1.0,64
13,0.25,NOPE,1,234.68420733883977,4452.682499676943,25.438001600116735,583.1413635197711,64
13,0.25,OPT,4,30.865322429221123,62.89084083214402,3.3455686270743996,8.236439646981836,64
13,0.25,OPT-unw,4,256.862057949882,144.7735419915989,27.84191367297429,18.960130367411786,64
13,0.25,PR-hi,4,233.64390299841762,4440.7254673838615,25.32524044001848,581.5754220641332,64
13,0.25,PR-en,4,71.41656982712448,780.1170014962554,7.741018614491924,102.16728724549472,64
13,0.25,PR-2n,4,70.42071849480271,769.3399651125073,7.63307582587256,100.75588284107626,64
13,0.25,FOLD-mean,4,147.50329932942986,1346.8992824852467,15.988247385334628,176.3953940504929,64
13,0.25,OPT-joint,4,33.661058738362044,65.42981532681733,3.648605399390102,8.568954046756161,64
13,0.25,OPT-layer,4,47.33759302645922,95.32131891697645,5.131038772515887,12.483666618893563,64
13,0.25,OPT,8,15.094859183765948,32.507459533866495,1.6361691160401595,4.257308774770724,64
13,0.25,OPT-unw,8,177.64260573871434,106.29550166428089,19.255121340593323,13.920890110854321,64
13,0.25,PR-hi,8,232.8758452758193,4431.580601513386,25.24198876408347,580.3777733314195,64
13,0.25,PR-en,8,41.814241264015436,311.69526113942266,4.532349015909501,40.82087586453369,64
13,0.25,PR-2n,8,41.42316477186978,303.62756667658687,4.4899592678059745,39.76429786916566,64
13,0.25,FOLD-mean,8,144.4680623486638,1221.1375344097614,15.659250542943852,159.92512534018417,64
13,0.25,OPT-joint,8,15.406687963753939,33.09057152410969,1.6699690086458183,4.33367548654499,64
13,0.25,OPT-layer,8,19.707626511109993,53.72301725530997,2.13615837387943,7.035784279910056,64
13,0.25,OPT,16,10.799667553743348,16.157771865138784,1.1706026733882664,2.1160873512903833,64
13,0.25,OPT-unw,16,83.0875240880996,76.4559996407479,9.006062208741653,10.012987874838961,64
13,0.25,PR-hi,16,224.56210755184293,4264.764826327562,24.34084217256989,558.530902685348,64
13,0.25,PR-en,16,28.206385182682425,146.29907907359302,3.0573598434539284,19.15992089237254,64
13,0.25,PR-2n,16,27.50652623269707,139.94434583559632,2.9815004011358552,18.32767924804271,64
13,0.25,FOLD-mean,16,127.48455034662038,979.8956944942474,13.818365677351608,128.33111533013792,64
13,0.25,OPT-joint,16,10.841436119168065,16.24930256442167,1.1751300714869997,2.128074582984449,64
13,0.25,OPT-layer,16,13.087656023679301,22.428303034976125,1.418603401768114,2.937301551188416,64
13,0.25,OPT,32,9.436639143968932,8.506346718640998,1.0228606533264508,1.1140256742851384,64
13,0.25,OPT-unw,32,47.72688586381264,60.94869335927069,5.173235185865561,7.982088135152731,64
13,0.25,PR-hi,32,142.91479833051562,2481.749826401472,15.49088841484373,325.0200250720121,64
13,0.25,PR-en,32,17.701945331529714,54.39231865014881,1.9187576308382799,7.123438705757918,64
13,0.25,PR-2n,32,17.579373868880793,53.49188966676593,1.9054718068863932,7.005514873290475,64
13,0.25,FOLD-mean,32,93.37205113004893,697.8614968918264,10.12082752813029,91.39477267354542,64
13,0.25,OPT-joint,32,9.421103648026474,8.524178528925404,1.0211767225024553,1.1163610004989497,64
13,0.25,OPT-layer,32,9.49844511039555,8.65672093606554,1.029559954871642,1.133719291827716,64
13,0.125,EXACT,64,16.613095092587173,16.665356548968703,1.0,1.0,64
13,0.125,NOPE,1,237.60955530405045,4452.018341511488,14.302545912114399,267.1420997462542,64
13,0.125,OPT,4,40.28040246339515,69.7060381192714,2.424617582630248,4.182691076212528,64
13,0.125,OPT-unw,4,268.7487292168662,151.70348308049142,16.17692114076822,9.102924538981991,64
13,0.125,PR-hi,4,236.5477643162012,4440.171178936958,14.238633017982888,266.43121411115135,64
13,0.125,PR-en,4,75.75424923468381,780.9209492355585,4.559911853420116,46.85894039776089,64
13,0.125,PR-2n,4,74.80328633915633,770.1479599177837,4.502670087799223,46.21251022471779,64
13,0.125,FOLD-mean,4,156.4714156910777,1346.9746676310897,9.418558963217869,80.82483346055048,64
13,0.125,OPT-joint,4,43.27320131333545,72.25900757405907,2.6047645590522213,4.335881285332035,64
13,0.125,OPT-layer,4,57.93034732621163,102.21219003479928,3.4870291780885774,6.133213515982318,64
13,0.125,OPT,8,23.110417980933562,39.97836035583168,1.3910964725197725,2.398890191059588,64
13,0.125,OPT-unw,8,188.21889674849808,113.93601650185883,11.329550315550899,6.836698402885926,64
13,0.125,PR-hi,8,235.80561561882496,4431.303830832243,14.193960505531708,265.8991313994098,64
13,0.125,PR-en,8,47.43194812070578,313.7974744923413,2.8550940000259253,18.82932858773789,64
13,0.125,PR-2n,8,47.01118468493223,305.7843971066177,2.8297667847521564,18.34850614855525,64
13,0.125,FOLD-mean,8,153.16663153842092,1221.5680990815163,9.219632505851632,73.29984783056503,64
13,0.125,OPT-joint,8,23.446384140988812,40.565291413106024,1.4113194447102562,2.4341088229292227,64
13,0.125,OPT-layer,8,28.513452011859044,61.33871848229319,1.7163238910600023,3.6806124310667085,64
13,0.125,OPT,16,18.297050846740603,24.451643893960863,1.101363156279339,1.4672139670167452,64
13,0.125,OPT-unw,16,91.54307361971587,84.68297686148435,5.510296131427234,5.081378043887382,64
13,0.125,PR-hi,16,227.60496947914362,4265.0621291399,13.700335079686736,255.9238451699273,64
13,0.125,PR-en,16,34.578960488317534,149.76806621067226,2.0814279516010714,8.986790397829221,64
13,0.125,PR-2n,16,33.9104086633306,143.47615959495306,2.041185490984251,8.609246323255638,64
13,0.125,FOLD-mean,16,135.8915567342192,981.0067003518343,8.179785643606802,58.86502922810503,64
13,0.125,OPT-joint,16,18.34500369662419,24.5525901815854,1.1042496051689852,1.4732712204171103,64
13,0.125,OPT-layer,16,21.105762193212286,30.737843967974186,1.2704292653227367,1.8444156221713917,64
13,0.125,OPT,32,16.827608487103134,17.414900991600007,1.0129123076296407,1.0449762020049722,64
13,0.125,OPT-unw,32,54.947566753719,69.54847008362412,3.307485236645447,4.1732362508576495,64
13,0.125,PR-hi,32,147.35106103122234,2485.4240329265594,8.869573081356222,149.13716520996752,64
13,0.125,PR-en,32,24.57459414913319,60.50219790264964,1.4792303307827612,3.6304172505924384,64
13,0.125,PR-2n,32,24.490368547150865,59.59996942803264,1.4741604987308212,3.5762792864891235,64
13,0.125,FOLD-mean,32,102.08096728473902,700.2021596170962,6.1446086184318505,42.01543228671136,64
13,0.125,OPT-joint,32,16.807447083527222,17.430875420570374,1.0116987225954523,1.0459347430912929,64
13,0.125,OPT-layer,32,16.903618624433875,17.551502315327525,1.0174876222779423,1.053172925748994,64
14,0.25,EXACT,64,10.259432906168513,7.11657657683827,1.0,1.0,64
14,0.25,NOPE,1,210.47415843978524,3621.2130619734526,20.515184451690022,508.8420004864577,64
14,0.25,OPT,4,31.732900496106595,56.04236863087863,3.0930462518086257,7.87490558497959,64
14,0.25,OPT-unw,4,256.71676993509755,115.96006360836327,25.022510725787374,16.29436040718916,64
14,0.25,PR-hi,4,208.6994740795344,3601.8332813978195,20.342203705436123,506.1188118343877,64
14,0.25,PR-en,4,92.03827272541821,727.5841541364789,8.971087736250992,102.23794352251988,64
14,0.25,PR-2n,4,92.06865303684026,725.8945825845003,8.97404894392201,102.0005299945776,64
14,0.25,FOLD-mean,4,217.24487537844107,940.082102291286,21.175134860312014,132.0975179766762,64
14,0.25,OPT-joint,4,32.94347501709126,57.388248551636934,3.2110424931268766,8.064024595535681,64
14,0.25,OPT-layer,4,47.12465445557609,79.23343396093696,4.593300125511056,11.133644541788735,64
14,0.25,OPT,8,15.983616564190015,28.97066348977387,1.5579434760550772,4.070870758850861,64
14,0.25,OPT-unw,8,193.65632292372175,85.8544275034219,18.875928591266028,12.064006699913154,64
14,0.25,PR-hi,8,207.79216641187668,3592.9301127046347,20.253767270795354,504.8677652676774,64
14,0.25,PR-en,8,62.908255458809435,319.6610318943858,6.131747829939574,44.91780962980993,64
14,0.25,PR-2n,8,61.649521672166884,305.1523736342788,6.009057443623413,42.87909647841531,64
14,0.25,FOLD-mean,8,193.16277303174138,904.9249890930951,18.82782165431402,127.15734585619147,64
14,0.25,OPT-joint,8,16.182713876245543,29.232664902228862,1.5773497447910245,4.107686411661751,64
14,0.25,OPT-layer,8,21.532874896656722,44.79327315231785,2.0988367577032467,6.29421642115154,64
14,0.25,OPT,16,11.950691209291108,15.372427002992481,1.1648491021473244,2.160087344949514,64
14,0.25,OPT-unw,16,107.80328101920895,60.33740277122706,10.507723185595562,8.478430902802646,64
14,0.25,PR-hi,16,200.54013723134995,3472.1532119214535,19.546902744573202,487.89655734499956,64
14,0.25,PR-en,16,47.356456737732515,180.56637525185943,4.615894189361998,25.37264558348656,64
14,0.25,PR-2n,16,46.229800700442865,170.2018047310412,4.506077589595334,23.916247214283178,64
14,0.25,FOLD-mean,16,172.24699776805937,829.4636999815702,16.789134384269463,116.55375179705882,64
14,0.25,OPT-joint,16,11.969284722930752,15.476200607605278,1.1666614356173806,2.1746693006823508,64
14,0.25,OPT-layer,16,14.510326625779271,19.628053734079003,1.414340028195408,2.758075251794634,64
14,0.25,OPT,32,10.522303195437416,8.135240521281958,1.0256223020973072,1.143139602791467,64
14,0.25,OPT-unw,32,59.82616063673049,47.94122921442613,5.8313321198055545,6.736557767179301,64
14,0.25,PR-hi,32,130.86626733466983,2111.216063350439,12.7557018532658,296.6617502889857,64
14,0.25,PR-en,32,24.13679226883687,63.422858378849924,2.352643902405615,8.911989872387101,64
14,0.25,PR-2n,32,23.343496203422546,62.33046751935035,2.275320323932057,8.758490384577907,64
14,0.25,FOLD-mean,32,122.78369417274371,591.9873602576554,11.967883146730232,83.18428866266224,64
14,0.25,OPT-joint,32,10.515357409254648,8.152546118479222,1.024945287466353,1.1455713334150912,64
14,0.25,OPT-layer,32,10.606632216484286,8.325660525355488,1.0338419592477688,1.1698968507487608,64
14,0.125,EXACT,64,18.292393547017127,15.616063729859889,1.0,1.0,64
14,0.125,NOPE,1,217.53781798109412,3620.3957888484,11.892255511666882,231.83792353035454,64
14,0.125,OPT,4,41.91031565098092,62.65999464690685,2.2911335000123634,4.012534511311773,64
14,0.125,OPT-unw,4,269.07157988194376,122.63255465775728,14.709479062449992,7.85297478155576,64
14,0.125,PR-hi,4,215.80947132781148,3601.22264406085,11.79777106659739,230.61014006845124,64
14,0.125,PR-en,4,98.43737087957561,728.5714177936316,5.381328070958075,46.65525387172382,64
14,0.125,PR-2n,4,98.45062407758087,726.8882379457355,5.3820525905771825,46.547468716833755,64
14,0.125,FOLD-mean,4,226.82179093919694,940.2305139489472,12.399787395574808,60.209187809032024,64
14,0.125,OPT-joint,4,43.19242092035711,64.0198268359527,2.3612230301813257,4.099613573780356,64
14,0.125,OPT-layer,4,58.08302678936161,85.86077790614218,3.1752556952194477,5.498234343265743,64
14,0.125,OPT,8,24.69135340047069,36.14732950460166,1.349815339201305,2.3147529447823265,64
14,0.125,OPT-unw,8,204.9806657228619,93.11678457446396,11.205786995343063,5.962884513362538,64
14,0.125,PR-hi,8,214.8973604477942,3592.5721392333508,11.74790821635459,230.05619094419413,64
14,0.125,PR-en,8,70.22224944923073,321.6774669624865,3.838877032070066,20.59913897171145,64
14,0.125,PR-2n,8,68.99753874726593,307.15598275884986,3.771925121221608,19.66923214917014,64
14,0.125,FOLD-mean,8,202.8642154140398,905.3585790880024,11.09008588146848,57.976106831380456,64
14,0.125,OPT-joint,8,24.91003283462487,36.43743964098394,1.3617700040510476,2.3333306184778784,64
14,0.125,OPT-layer,8,30.956886887317523,52.046269956976175,1.69233658830643,3.3328674150744613,64
14,0.125,OPT,16,20.08309507276863,23.209695142693818,1.0978932320228538,1.4862705188833178,64
14,0.125,OPT-unw,16,117.54482074920088,68.08264459762722,6.425885188128837,4.359782706793428,64
14,0.125,PR-hi,16,207.7302177026868,3472.401098102331,11.356098214744597,222.36084317859573,64
14,0.125,PR-en,16,55.182355787139386,183.78612669743598,3.01668317190441,11.769043074921221,64
14,0.125,PR-2n,16,54.097621565219015,173.44871120341122,2.9573834296846577,11.107069886744593,64
14,0.125,FOLD-mean,16,181.821203189902,830.5203724503517,9.939716348358957,53.18372073893959,64
14,0.125,OPT-joint,16,20.102315563242882,23.322049338836223,1.0989439687908362,1.4934653022862294,64
14,0.125,OPT-layer,16,23.1894964822568,27.454878366552293,1.2677125288526403,1.7581177204121607,64
14,0.125,OPT,32,18.55280787195079,16.50575523264706,1.0142362083050704,1.0569728401585587,64
14,0.125,OPT-unw,32,68.43000627821311,56.045131124556065,3.740899522106102,3.5889409837250272,64
14,0.125,PR-hi,32,139.07697131112218,2114.57752007246,7.602994706715182,135.41040537822093,64
14,0.125,PR-en,32,32.01284503377974,69.1295633148402,1.7500632135153225,4.426823846950351,64
14,0.125,PR-2n,32,31.16153172729537,68.0171331372112,1.7035240165372871,4.355587574041071,64
14,0.125,FOLD-mean,32,132.5983790596947,594.3282596580684,7.248826060891142,38.058775241909245,64
14,0.125,OPT-joint,32,18.54594025737606,16.522513506934047,1.0138607727691424,1.0580459834664295,64
14,0.125,OPT-layer,32,18.66954387689475,16.681646950077266,1.0206178775297081,1.0682363519162545,64
15,0.25,EXACT,64,15.762969800969586,7.32665821025148,1.0,1.0,64
15,0.25,NOPE,1,242.24336871877313,5334.666211366653,15.367876217327565,728.1172477654784,64
15,0.25,OPT,4,38.52252137707546,70.00547890458256,2.4438619031488553,9.554898958795526,64
15,0.25,OPT-unw,4,409.8670579427853,166.29163238033652,26.001893242070047,22.69679130761973,64
15,0.25,PR-hi,4,240.3417097441852,5302.0700267106295,15.247235310277745,723.6682638330199,64
15,0.25,PR-en,4,83.31231781933457,961.256924957037,5.285318621508112,131.19991370855047,64
15,0.25,PR-2n,4,82.88452897686511,951.6585541516542,5.258179773443889,129.88985248692111,64
15,0.25,FOLD-mean,4,158.7898825891316,1634.9329938441515,10.073601903326896,223.14852787271403,64
15,0.25,OPT-joint,4,39.52015795116313,71.0334489652887,2.5071517899331526,9.695204406546289,64
15,0.25,OPT-layer,4,68.98955917428248,111.5649354076013,4.376685361031327,15.227260806502388,64
15,0.25,OPT,8,21.85090663342271,34.03202013904229,1.3862176296295798,4.644958064431693,64
15,0.25,OPT-unw,8,322.98977332841605,130.15844934154302,20.490413761279225,17.765049986830963,64
15,0.25,PR-hi,8,239.3656720072031,5288.132022470236,15.18531564987707,721.7658952714713,64
15,0.25,PR-en,8,50.13160085491836,349.42811739072204,3.180339840011287,47.692700732484184,64
15,0.25,PR-2n,8,49.26527297869325,342.3159309178591,3.1253801536600623,46.721973523876095,64
15,0.25,FOLD-mean,8,152.51200092211366,1368.5978164672852,9.675334207183,186.79700583716863,64
15,0.25,OPT-joint,8,22.111281253164634,34.54315457632765,1.4027357491863344,4.714721716920653,64
15,0.25,OPT-layer,8,33.558534175739624,65.64884982816875,2.1289474381709104,8.960271919920148,64
15,0.25,OPT,16,17.248226652503945,16.43246825458482,1.0942244304396878,2.2428326507155014,64
15,0.25,OPT-unw,16,163.68933400069363,94.37656494043767,10.384422229282267,12.881256670112675,64
15,0.25,PR-hi,16,228.20792753994465,5024.7429281026125,14.477470325795302,685.8164778414227,64
15,0.25,PR-en,16,35.798422588268295,147.10145852155983,2.2710455605939384,20.077565282864576,64
15,0.25,PR-2n,16,34.764892131555825,138.88143051974475,2.205478572281311,18.95563113964037,64
15,0.25,FOLD-mean,16,140.58608056604862,1269.600181274116,8.918755941370968,173.28502911432227,64
15,0.25,OPT-joint,16,17.307934283511713,16.564507307484746,1.098012271929056,2.260854380283175,64
15,0.25,OPT-layer,16,22.6207484746119,25.97757242200896,1.4350562590826312,3.545623622193959,64
15,0.25,OPT,32,15.95749817288015,8.301980186253786,1.0123408453081346,1.133119622618349,64
15,0.25,OPT-unw,32,68.96034111105837,71.66205807263032,4.374831772298174,9.781001926957718,64
15,0.25,PR-hi,32,140.3434813823551,2767.936120867729,8.90336549231494,377.78971550697224,64
15,0.25,PR-en,32,24.121693077962846,58.37404814129695,1.5302759177067706,7.967349706530574,64
15,0.25,PR-2n,32,23.837159890215844,57.07698184950277,1.5122251828934934,7.790315886394223,64
15,0.25,FOLD-mean,32,102.01168263889849,869.9973796978593,6.47160299911402,118.74409242682518,64
15,0.25,OPT-joint,32,15.944602488249075,8.321163737680763,1.0115227453692335,1.1357379447614695,64
15,0.25,OPT-layer,32,16.07268664939329,8.591757067479193,1.019648381766528,1.1726706529666666,64
15,0.125,EXACT,64,26.56889961194247,15.422495149541646,1.0,1.0,64
15,0.125,NOPE,1,251.3426296338439,5332.276781409979,9.460031589748931,345.7466985534084,64
15,0.125,OPT,4,51.65209179976955,75.82869035564363,1.9440809575927045,4.91675890446931,64
15,0.125,OPT-unw,4,426.34460415970534,172.31786811724305,16.046754302465256,11.173151065790046,64
15,0.125,PR-hi,4,249.44542276486754,5299.871647357941,9.38862453500875,343.6455382847342,64
15,0.125,PR-en,4,91.11619905009866,961.0639164075255,3.429430664457883,62.31572174857116,64
15,0.125,PR-2n,4,90.70142055302858,951.4577316269279,3.4138192351880146,61.69285335487397,64
15,0.125,FOLD-mean,4,170.7449706532061,1634.3595306798816,6.426497639987238,105.97244575748526,64
15,0.125,OPT-joint,4,52.66606760118157,76.87329529505223,1.9822449695097144,4.984491455478713,64
15,0.125,OPT-layer,4,84.03234664117917,117.36825824156404,3.1628086924385617,7.610199069834183,64
15,0.125,OPT,8,33.5431495285593,40.49656152166426,1.2624967544189134,2.6258112665295803,64
15,0.125,OPT-unw,8,338.6479648677632,136.8228953005746,12.74602899683298,8.871644566841765,64
15,0.125,PR-hi,8,248.45015509799123,5286.300159081817,9.351164659687871,342.76555822025495,64
15,0.125,PR-en,8,58.90485087502748,350.88493075221777,2.217060237171068,22.75150209806654,64
15,0.125,PR-2n,8,58.06590683758259,343.7769325785339,2.185484069181492,22.290617001020802,64
15,0.125,FOLD-mean,8,163.79164915904403,1368.2755655646324,6.164788589340795,88.71946804310049,64
15,0.125,OPT-joint,8,33.80049246340059,41.024798300117254,1.272182625441047,2.660062324696954,64
15,0.125,OPT-layer,8,46.77617155504413,72.19268231280148,1.7605611161261145,4.680998866447822,64
15,0.125,OPT,16,28.213080127257854,23.726730313617736,1.0618836511609362,1.5384495234756415,64
15,0.125,OPT-unw,16,177.7360005583614,101.63966550678015,6.689625959460916,6.59035159494285,64
15,0.125,PR-hi,16,237.54689702391624,5023.809197917581,8.940787932261266,325.74555214347964,64
15,0.125,PR-en,16,45.45840785629116,149.8790861647576,1.7109631381142347,9.718212566220972,64
15,0.125,PR-2n,16,44.43982213968411,141.67803977336735,1.6726256182513795,9.18645383899362,64
15,0.125,FOLD-mean,16,152.01493519172072,1269.8011099472642,5.721536737012301,82.33434976862368,64
15,0.125,OPT-joint,16,28.28250100906007,23.87893298594281,1.0644965136737297,1.548318398184258,64
15,0.125,OPT-layer,16,34.79364532814361,33.253917881753296,1.3095629038586225,2.1561957101825766,64
15,0.125,OPT,32,26.767607487738132,16.256475964095443,1.007478965207364,1.0540756088082532,64
15,0.125,OPT-unw,32,80.83782943105325,79.34091985598207,3.0425734829724527,5.144493098338894,64
15,0.125,PR-hi,32,151.04750161990523,2770.531222075224,5.6851244811061274,179.64221711281027,64
15,0.125,PR-en,32,34.29652762436308,63.335825524292886,1.2908523922815047,4.106717162830504,64
15,0.125,PR-2n,32,34.07527109677903,62.01988591905683,1.2825247411248646,4.02139117682913,64
15,0.125,FOLD-mean,32,113.86753087490797,871.3983744755387,4.285745083086753,56.50177653007312,64
15,0.125,OPT-joint,32,26.75397852016613,16.275326083414257,1.0069659982508448,1.0552978571627534,64
15,0.125,OPT-layer,32,26.958395178895444,16.52930308273062,1.014659830577925,1.0717658149642453,64
16,0.25,EXACT,64,14.210469419136643,7.619010917143896,1.0,1.0,64
16,0.25,NOPE,1,218.75885511934757,5102.612823575735,15.394203292451001,669.721159224763,64
16,0.25,OPT,4,39.13799723284319,68.09810549579561,2.7541663880672154,8.93791940139695,64
16,0.25,OPT-unw,4,324.9909710511565,160.45442471839488,22.86982656698904,21.059744691709103,64
16,0.25,PR-hi,4,216.94066621549428,5070.696594521403,15.266256153603862,665.5321339823244,64
16,0.25,PR-en,4,74.88231891067699,820.0628885477781,5.2695176142342,107.63377260721808,64
16,0.25,PR-2n,4,75.00821758108214,820.5809036195278,5.278377185772042,107.7017624129006,64
16,0.25,FOLD-mean,4,160.44273737911135,1722.599413588643,11.29046005778316,226.09226214816687,64
16,0.25,OPT-joint,4,40.2679853355512,69.99996951688081,2.8336843877461213,9.187540256619211,64
16,0.25,OPT-layer,4,87.83295390778221,121.05660303682089,6.180862244388722,15.888755686702812,64
16,0.25,OPT,8,20.467668750905432,32.698865115176886,1.4403231974407884,4.291746720246801,64
16,0.25,OPT-unw,8,211.3351412639022,119.57070241868496,14.871791707268024,15.69373029111079,64
16,0.25,PR-hi,8,215.66473378054798,5050.272908300161,15.176467956091678,662.8515122528968,64
16,0.25,PR-en,8,45.47258163220249,309.75952741131186,3.199935223178938,40.65613381840776,64
16,0.25,PR-2n,8,44.76935423514806,302.0766829960048,3.1504486526573885,39.64775563141507,64
16,0.25,FOLD-mean,8,138.76962484093383,1304.405861876905,9.765308994934298,171.20409408284215,64
16,0.25,OPT-joint,8,20.613901908393018,33.26493698917329,1.4506137200952096,4.3660440116081585,64
16,0.25,OPT-layer,8,29.756041108164936,56.824596302583814,2.093952017383305,7.4582641921040045,64
16,0.25,OPT,16,15.586654520011507,16.17863635579124,1.0968430429906568,2.1234562506515022,64
16,0.25,OPT-unw,16,99.61355166207068,86.99874771293253,7.009870590757916,11.418640642340142,64
16,0.25,PR-hi,16,207.47555267810822,4863.047211796045,14.600189941558833,638.2780212131569,64
16,0.25,PR-en,16,34.19072376657277,158.1410654373467,2.406023528014462,20.75611482344854,64
16,0.25,PR-2n,16,33.39694189000875,147.89683320745826,2.3501645797171546,19.41155286635285,64
16,0.25,FOLD-mean,16,123.00991832930595,1195.0053868070245,8.656288170442396,156.84521256139513,64
16,0.25,OPT-joint,16,15.675351611920632,16.354557912331074,1.1030847151897243,2.14654606617388,64
16,0.25,OPT-layer,16,20.153650106629357,23.411266510374844,1.4182255006642694,3.0727435312759623,64
16,0.25,OPT,32,14.39041275519412,8.530272614909336,1.0126627299035706,1.1196036739775457,64
16,0.25,OPT-unw,32,53.975914794253185,70.56434363219887,3.798320323012418,9.261614716080627,64
16,0.25,PR-hi,32,131.59921763464808,2855.8670925945044,9.260722763839802,374.83436152695134,64
16,0.25,PR-en,32,21.578146695857868,60.33015506528318,1.51846825459541,7.918370996100222,64
16,0.25,PR-2n,32,21.43096150830388,59.246268164366484,1.5081107369643751,7.776110155066672,64
16,0.25,FOLD-mean,32,96.80538616515696,879.2065719775856,6.812258153470512,115.3964184510146,64
16,0.25,OPT-joint,32,14.37185333960224,8.55491186468862,1.0113566917253463,1.1228375910892592,64
16,0.25,OPT-layer,32,14.552626950200647,8.805778689915314,1.0240778485898034,1.1557640205109847,64
16,0.125,EXACT,64,24.90544142422732,16.292591142468154,1.0,1.0,64
16,0.125,NOPE,1,226.1813079379499,5101.677372768521,9.081602051747897,313.1286686173892,64
16,0.125,OPT,4,52.61443789303303,74.65348302386701,2.112567972469308,4.5820509685089785,64
16,0.125,OPT-unw,4,341.4012737656012,167.14197694137692,13.707898926597444,10.258771946084488,64
16,0.125,PR-hi,4,224.47609393298626,5070.022974923253,9.013134523872449,311.18579792429495,64
16,0.125,PR-en,4,82.33947192318738,820.6054076850414,3.3060836192644163,50.36678331330964,64
16,0.125,PR-2n,4,82.42501708678901,821.1225357204676,3.309518417393247,50.398523386506355,64
16,0.125,FOLD-mean,4,171.59882200229913,1722.4271855279803,6.890013273780909,105.71843179924362,64
16,0.125,OPT-joint,4,53.726870785001665,76.57063621841371,2.15723423126071,4.699721213700945,64
16,0.125,OPT-layer,4,104.15982365654781,127.67939729243517,4.182211504800876,7.836653861621,64
16,0.125,OPT,8,32.198194690048695,39.88025155104697,1.2928176674968381,2.447753779759156,64
16,0.125,OPT-unw,8,226.40383118204772,126.89395130984485,9.090536775702693,7.78844507913072,64
16,0.125,PR-hi,8,223.22353901341558,5049.79538410902,8.962842103905452,309.9442771227628,64
16,0.125,PR-en,8,54.38810549862683,311.956761430949,2.183784040290874,19.147154599479556,64
16,0.125,PR-2n,8,53.72685779072344,304.2772358544171,2.157233709516164,18.675803817435163,64
16,0.125,FOLD-mean,8,150.6161858132109,1304.9257990941405,6.0475212323157495,80.09320234475965,64
16,0.125,OPT-joint,8,32.33713153214194,40.46892715059221,1.298396241260164,2.483885270103304,64
16,0.125,OPT-layer,8,42.82142877136357,64.11569221876562,1.7193603615356152,3.935266751501675,64
16,0.125,OPT,16,26.431257614283822,24.12431143876165,1.0612643704669387,1.4806921273485707,64
16,0.125,OPT-unw,16,112.7190340985544,94.85782226826996,4.5258797938391275,5.822144644691551,64
16,0.125,PR-hi,16,215.19281317293644,4863.220955848694,8.640393458901029,298.49278812209656,64
16,0.125,PR-en,16,43.73221082263626,161.54097671434283,1.7559299623613491,9.914996043402283,64
16,0.125,PR-2n,16,43.00340883480385,151.36752707138658,1.7266672010467292,9.290574209330831,64
16,0.125,FOLD-mean,16,134.8027387112379,1196.103141926229,5.412581789460096,73.41392977133484,64
16,0.125,OPT-joint,16,26.541467758244835,24.319450682029128,1.0656895136348008,1.4926693040641164,64
16,0.125,OPT-layer,16,32.001551536261104,31.36215621046722,1.284922077515594,1.9249336054790476,64
16,0.125,OPT,32,25.090340296155773,17.076212127692997,1.007424035124653,1.0480967685478992,64
16,0.125,OPT-unw,32,65.23554445570335,78.77935306541622,2.6193289789372707,4.835286933584831,64
16,0.125,PR-hi,32,141.4194351080805,2859.8626257926226,5.678254510699482,175.53147935678103,64
16,0.125,PR-en,32,31.52177528711036,65.98795184772462,1.2656581648236458,4.050181537773994,64
16,0.125,PR-2n,32,31.396326979622245,64.90301553439349,1.2606211809231687,3.983590760171827,64
16,0.125,FOLD-mean,32,108.69958131108433,881.3629669584334,4.364491255527172,54.09593595343339,64
16,0.125,OPT-joint,32,25.07027056266088,17.100275789387524,1.0066181978317887,1.049573738140035,64
16,0.125,OPT-layer,32,25.33794992719777,17.337021502200514,1.0173660243801066,1.0641046197378607,64
17,0.25,EXACT,64,12.136892542475834,9.197584149194881,1.0,1.0,64
17,0.25,NOPE,1,190.87353889271617,4630.695656135678,15.726722324080114,503.46869145426956,64
17,0.25,OPT,4,45.51976110553369,64.56350874667987,3.7505284772215672,7.0196159882192,64
17,0.25,OPT-unw,4,256.0882353624329,144.93969894386828,21.09998374511379,15.758453153870379,64
17,0.25,PR-hi,4,189.25117878243327,4596.200621813536,15.593050537450623,499.7182463631896,64
17,0.25,PR-en,4,63.277006461285055,782.2810387276113,5.213608527869278,85.05288193488167,64
17,0.25,PR-2n,4,63.05404586531222,778.4967328123748,5.195238043398683,84.6414362928684,64
17,0.25,FOLD-mean,4,163.71946821827441,1586.6662254296243,13.489405763897196,172.50901972650226,64
17,0.25,OPT-joint,4,45.571241663303226,66.04780077980831,3.754770136080239,7.180994455548403,64
17,0.25,OPT-layer,4,98.36226166971028,116.3302395590581,8.104402451077902,12.647912503115416,64
17,0.25,OPT,8,20.637888631084934,32.72360750613734,1.700426081788062,3.557848123520765,64
17,0.25,OPT-unw,8,177.21420356351882,104.81774404272437,14.601283066758409,11.396225611254634,64
17,0.25,PR-hi,8,187.93958688899875,4570.5622544288635,15.4849840048646,496.93073532020384,64
17,0.25,PR-en,8,38.26522456528619,315.30558854714036,3.152802451811143,34.28134860551843,64
17,0.25,PR-2n,8,37.083259145729244,298.15697982534766,3.0554162868253045,32.4168798011429,64
17,0.25,FOLD-mean,8,139.84098947793245,1310.0853676758707,11.521976402817021,142.43798658700504,64
17,0.25,OPT-joint,8,20.36140001041349,33.33758503664285,1.677645240670469,3.62460234077457,64
17,0.25,OPT-layer,8,31.695743004558608,59.01187904505059,2.611520444267929,6.416019477268523,64
17,0.25,OPT,16,14.233398861833848,18.10246391245164,1.1727383110644516,1.9681759491198845,64
17,0.25,OPT-unw,16,103.54149902705103,74.04753897618502,8.531137493776422,8.050759609811978,64
17,0.25,PR-hi,16,180.75097821839154,4386.365258216858,14.892690001646805,476.90406383515636,64
17,0.25,PR-en,16,27.002668023109436,153.62272116169333,2.2248419789997658,16.70250781833193,64
17,0.25,PR-2n,16,26.654261803254485,147.96865005418658,2.196135601429426,16.087773447241485,64
17,0.25,FOLD-mean,16,116.16550662461668,1136.0515609048307,9.57127256569743,123.51629976707264,64
17,0.25,OPT-joint,16,14.23763203958515,18.289890666259453,1.1730870970272909,1.9885537734232608,64
17,0.25,OPT-layer,16,18.308491053292528,25.409801092930138,1.5084990650792838,2.7626603552362616,64
17,0.25,OPT,32,12.395888893515803,10.506981525104493,1.0213395933212353,1.1423631852310077,64
17,0.25,OPT-unw,32,47.321509572444484,57.257519386243075,3.898980682809214,6.225278122761743,64
17,0.25,PR-hi,32,118.07828494347632,2564.284392043948,9.728872899733958,278.79977507663415,64
17,0.25,PR-en,32,17.948847941006534,59.125303499400616,1.4788668415898412,6.428351460592639,64
17,0.25,PR-2n,32,17.90663880307693,58.89904452487826,1.475389086655299,6.403751634067305,64
17,0.25,FOLD-mean,32,87.87215270567685,789.9854426756501,7.2400865706067785,85.89053710857347,64
17,0.25,OPT-joint,32,12.378550446592271,10.543008025269955,1.0199110195027845,1.1462801377243008,64
17,0.25,OPT-layer,32,12.527830357197672,10.848560535348952,1.0322107008324957,1.1795010906530918,64
17,0.125,EXACT,64,22.00701319181826,18.519970181863755,1.0,1.0,64
17,0.125,NOPE,1,197.05971644446254,4624.197509586811,8.954405340099726,249.68709259128275,64
17,0.125,OPT,4,59.81408143835142,71.3076939927414,2.7179554497922065,3.8503136502115773,64
17,0.125,OPT-unw,4,270.74747503362596,151.70377421192825,12.302781512135601,8.191361688070577,64
17,0.125,PR-hi,4,195.65090743079782,4590.308952316642,8.890388973981107,247.85725393941735,64
17,0.125,PR-en,4,69.46555467601866,780.3627446852624,3.1565189728629086,42.136285157168146,64
17,0.125,PR-2n,4,69.23571896273643,776.5827060006559,3.1460752242597283,41.93217906803911,64
17,0.125,FOLD-mean,4,175.05939278099686,1585.4817897304893,7.954709312669483,85.60930574732353,64
17,0.125,OPT-joint,4,59.80390927614644,72.78940992709249,2.7174932261312166,3.9303200389800703,64
17,0.125,OPT-layer,4,116.31016840273514,123.07060759235173,5.285141031586094,6.645291886747873,64
17,0.125,OPT,8,32.20594881824218,40.116868536919355,1.4634402468671062,2.166141097581519,64
17,0.125,OPT-unw,8,191.50394854787737,112.29936585761607,8.701950913496724,6.063690424706442,64
17,0.125,PR-hi,8,194.4681334234774,4565.272502183914,8.836643652114342,246.50539160449603,64
17,0.125,PR-en,8,45.94245446426794,315.99708907678723,2.0876278877021064,17.06250528341763,64
17,0.125,PR-2n,8,44.83504491625354,298.90238931402564,2.037307131388564,16.139463853280656,64
17,0.125,FOLD-mean,8,150.58856654074043,1308.9264713451266,6.842753499903661,70.67648913532986,64
17,0.125,OPT-joint,8,31.81693686079234,40.74941246025264,1.4457635201773407,2.200295792061142,64
17,0.125,OPT-layer,8,45.19540349324234,66.48334834165871,2.053681846750791,3.5898194051502608,64
17,0.125,OPT,16,24.541629742016084,26.412669443991035,1.1151731281344504,1.4261723525805914,64
17,0.125,OPT-unw,16,117.04278393043205,82.22299116943032,5.318431125126334,4.439693496372348,64
17,0.125,PR-hi,16,187.35027515515685,4382.695075049996,8.513207745284113,236.64698333812026,64
17,0.125,PR-en,16,35.488547490676865,156.01361659169197,1.6126017275197868,8.42407493422819,64
17,0.125,PR-2n,16,35.19449784816243,150.44982830435038,1.5992400941190417,8.123653916661429,64
17,0.125,FOLD-mean,16,126.93533044215292,1135.7311657965183,5.767949032235996,61.324675722681114,64
17,0.125,OPT-joint,16,24.53475867805537,26.618854835163802,1.114860906575767,1.4373054909791987,64
17,0.125,OPT-layer,16,29.729022570187226,33.68570825923234,1.3508885695238209,1.8188856638775854,64
17,0.125,OPT,32,22.311294271610677,19.596926817670465,1.0138265505246093,1.0581510998792727,64
17,0.125,OPT-unw,32,59.240084090968594,66.01769786607474,2.6918729758835607,3.564676250436115,64
17,0.125,PR-hi,32,127.12051462195814,2565.818195283413,5.776363812478599,138.543322159129,64
17,0.125,PR-en,32,26.968738141003996,64.4484776686877,1.2254610794267349,3.4799450018445945,64
17,0.125,PR-2n,32,26.933036234695464,64.22488505579531,1.2238387826617287,3.4678719471529975,64
17,0.125,FOLD-mean,32,98.74483208730817,791.0069172792137,4.486971095378786,42.711025423455126,64
17,0.125,OPT-joint,32,22.286971366149373,19.630975012201816,1.0127213162409152,1.0599895582675423,64
17,0.125,OPT-layer,32,22.486045272788033,19.906894934363663,1.0217672465043037,1.0748880661729194,64
18,0.25,EXACT,64,16.678286290029064,11.668702655704692,1.0,1.0,64
18,0.25,NOPE,1,191.24116555042565,5449.941170692444,11.466475765244367,467.056307071809,64
18,0.25,OPT,4,44.69250994105823,75.14304915256798,2.67968238246259,6.4397089693455705,64
18,0.25,OPT-unw,4,263.26887413393706,174.28435179032385,15.785127413919591,14.936052184440426,64
18,0.25,PR-hi,4,190.34644639492035,5427.1688604056835,11.412830016517761,465.1047353368289,64
18,0.25,PR-en,4,62.578685535583645,990.7163995541632,3.7521052491463496,84.90373169889745,64
18,0.25,PR-2n,4,62.126392159145325,973.8771276809275,3.724986553102097,83.46061738104282,64
18,0.25,FOLD-mean,4,124.60649015661329,1636.5800066962838,7.471180671068583,140.25381012654213,64
18,0.25,OPT-joint,4,44.7934638899751,76.38604975119233,2.6857353993710014,6.546233287883815,64
18,0.25,OPT-layer,4,54.61144123156555,117.74972083605826,3.274403633676346,10.091072187745892,64
18,0.25,OPT,8,25.351032007602043,38.82813294697553,1.5200022092652221,3.32754498016049,64
18,0.25,OPT-unw,8,212.94210485205986,136.86109007522464,12.767624991505574,11.72890372764061,64
18,0.25,PR-hi,8,188.97860046848655,5399.244052916765,11.330816438944654,462.7115980436041,64
18,0.25,PR-en,8,37.8350901438389,332.6525072045624,2.268523845070234,28.508097002705995,64
18,0.25,PR-2n,8,37.026266374392435,321.81039563938975,2.220028228951088,27.578935305379506,64
18,0.25,FOLD-mean,8,125.50924763036892,1550.0543873533607,7.525308382876441,132.838622517779,64
18,0.25,OPT-joint,8,25.273030249401927,39.23272729385644,1.515325364363792,3.3622184446251207,64
18,0.25,OPT-layer,8,30.199399920064025,70.54838473256677,1.8107016149565927,6.0459493068046,64
18,0.25,OPT,16,18.507081394200213,20.798096776008606,1.109651259869815,1.782382959757798,64
18,0.25,OPT-unw,16,137.78701553470455,98.89427395071834,8.261461228008722,8.47517302211571,64
18,0.25,PR-hi,16,179.5483700428158,5074.572013199329,10.76539681119138,434.88742175793044,64
18,0.25,PR-en,16,27.861486443434842,148.5640579946339,1.670524534651473,12.731840237783649,64
18,0.25,PR-2n,16,27.251965625793673,137.20465778000653,1.633978764478097,11.758347249762918,64
18,0.25,FOLD-mean,16,108.87423967057839,1425.3795430585742,6.527903273591586,122.15407188919352,64
18,0.25,OPT-joint,16,18.534131838125177,20.967366616707295,1.1112731557561528,1.79688927170122,64
18,0.25,OPT-layer,16,22.45811218774179,30.22367161605507,1.3465479484644733,2.5901484087675395,64
18,0.25,OPT,32,16.92214226856595,12.868842849507928,1.014621165166272,1.102851210559942,64
18,0.25,OPT-unw,32,67.58103941741865,76.18341488204896,4.052037376155442,6.528867615356004,64
18,0.25,PR-hi,32,113.50018934346735,2526.9161106199026,6.805266882324848,216.55501774094165,64
18,0.25,PR-en,32,20.989025609451346,58.46083348989487,1.258464163791181,5.01005426351438,64
18,0.25,PR-2n,32,20.935679840738885,57.23722920008004,1.25526564760164,4.905192195646311,64
18,0.25,FOLD-mean,32,85.72821076121181,1040.8799205645919,5.140109077781181,89.20271184181027,64
18,0.25,OPT-joint,32,16.879700994235463,12.892888463567942,1.012076462815416,1.104911903575224,64
18,0.25,OPT-layer,32,17.007462062698323,13.144881088286638,1.0197367863187512,1.1265075026879925,64
18,0.125,EXACT,64,25.733371712383814,22.221281691920012,1.0,1.0,64
18,0.125,NOPE,1,201.07012755796313,5447.362052232027,7.813594339882054,245.1416676929472,64
18,0.125,OPT,4,56.63450849195942,82.31977511011064,2.200819586525651,3.7045466706829666,64
18,0.125,OPT-unw,4,276.1195335937664,181.66626827418804,10.730017685979636,8.175328083809163,64
18,0.125,PR-hi,4,200.2903499007225,5425.061332553625,7.783292144508823,244.1380928322536,64
18,0.125,PR-en,4,69.02860518312082,990.2554930150509,2.6824547499891667,44.56338328023277,64
18,0.125,PR-2n,4,68.54396940907463,973.4916639477015,2.6636217816761585,43.808979042900006,64
18,0.125,FOLD-mean,4,133.8991338023916,1635.039134606719,5.203326454805554,73.57987524190575,64
18,0.125,OPT-joint,4,56.75025247735903,83.57792216911912,2.2053174030843685,3.7611656846737733,64
18,0.125,OPT-layer,4,67.80050807120278,124.99680809490383,2.634730840132184,5.625094440000485,64
18,0.125,OPT,8,35.75582523061894,46.85662392619997,1.3894730014493968,2.108637322357411,64
18,0.125,OPT-unw,8,226.136252370663,145.13011455722153,8.787665094886815,6.531131577797018,64
18,0.125,PR-hi,8,198.97998768091202,5398.106664747,7.732371408802049,242.92508144162682,64
18,0.125,PR-en,8,45.15156797529198,334.095615606755,1.7545919936159566,15.03493903901309,64
18,0.125,PR-2n,8,44.545790516538545,323.2421210594475,1.7310514539026196,14.5465111122273,64
18,0.125,FOLD-mean,8,134.90092849358916,1548.7587544471025,5.242256242257987,69.6970938004109,64
18,0.125,OPT-joint,8,35.7086977281142,47.33030479773879,1.3876416245497245,2.1299538637750492,64
18,0.125,OPT-layer,8,41.45392341748811,78.60079174675047,1.6109013572263058,3.537185335953456,64
18,0.125,OPT,16,27.850700475275517,30.070761592127383,1.0822794924255017,1.3532415460563447,64
18,0.125,OPT-unw,16,150.70583218359388,108.06353445816785,5.8564355214699235,4.863064874311969,64
18,0.125,PR-hi,16,189.3694418296218,5075.273342251778,7.358905158102173,228.39696704340966,64
18,0.125,PR-en,16,35.816053960006684,151.66813817992806,1.3918134926240826,6.825355093494758,64
18,0.125,PR-2n,16,35.319276018766686,140.37612860277295,1.3725086791393837,6.317193155146213,64
18,0.125,FOLD-mean,16,118.47023485600948,1424.5684639140964,4.603758737103129,64.10829418683309,64
18,0.125,OPT-joint,16,27.87918440415524,30.264006381854415,1.083386379202644,1.3619379296586145,64
18,0.125,OPT-layer,16,32.70845731976442,39.43738380167633,1.2710521452586778,1.774757385664948,64
18,0.125,OPT,32,26.008457366959192,23.156077515799552,1.0106898411001073,1.042067592537628,64
18,0.125,OPT-unw,32,79.25648160767742,86.05227616336197,3.079910494959989,3.872516327204108,64
18,0.125,PR-hi,32,124.43383945152164,2531.6831641197205,4.8355046840457225,113.9305643670535,64
18,0.125,PR-en,32,29.33396229124628,64.47030884586275,1.1399191143354812,2.901286691726027,64
18,0.125,PR-2n,32,29.27148105413653,63.25084827654064,1.1374910906078448,2.8464086434555025,64
18,0.125,FOLD-mean,32,95.43451641593128,1041.6970383003354,3.7085896664681837,46.87835079643997,64
18,0.125,OPT-joint,32,25.960033806040883,23.17496747104451,1.008808099311292,1.0429176765024888,64
18,0.125,OPT-layer,32,26.129426173400134,23.39398104790598,1.015390694443112,1.052773704606444,64
19,0.25,EXACT,64,14.13040392275434,10.171908418182284,1.0,1.0,64
19,0.25,NOPE,1,175.03496320918202,4334.167179375887,12.387116756607456,426.0918405073884,64
19,0.25,OPT,4,40.790955199860036,64.52728689089417,2.886750826292653,6.343675565890042,64
19,0.25,OPT-unw,4,204.42029074858874,129.7426882199943,14.466698324129897,12.754999640783169,64
19,0.25,PR-hi,4,174.55634210258722,4319.509641036391,12.353245035090419,424.65085836943524,64
19,0.25,PR-en,4,55.411141767632216,791.5907075256109,3.9214124430231654,77.82125781929405,64
19,0.25,PR-2n,4,55.466073447372764,792.2098697572947,3.9252999242332454,77.88212763902,64
19,0.25,FOLD-mean,4,113.46413022652268,1447.206516198814,8.0297867525082,142.27482756450428,64
19,0.25,OPT-joint,4,41.67405756795779,68.11815599165857,2.9492474380615272,6.696693795423618,64
19,0.25,OPT-layer,4,62.33288463600911,92.68863439559937,4.411259931192328,9.112216762580998,64
19,0.25,OPT,8,21.804894606000744,34.56064377585426,1.5431189883318261,3.397655813935281,64
19,0.25,OPT-unw,8,146.84864818956703,95.23693199455738,10.392388568107037,9.362739820221089,64
19,0.25,PR-hi,8,173.65117032453418,4293.811890155077,12.289186584744535,422.12451328011264,64
19,0.25,PR-en,8,34.615590947214514,314.67054107412696,2.449724093978139,30.935251099159863,64
19,0.25,PR-2n,8,34.17370337387547,308.22694877535105,2.418451982030407,30.301781740818218,64
19,0.25,FOLD-mean,8,98.30790226953104,1198.1380363628268,6.957189816154143,117.7889130638608,64
19,0.25,OPT-joint,8,21.873576490674168,34.75891354307532,1.5479795630930915,3.417147708579815,64
19,0.25,OPT-layer,8,28.19324840453919,54.09395329281688,1.9952188598897236,5.317974864591187,64
19,0.25,OPT,16,15.962504144292325,18.80358497845009,1.1296566065310938,1.8485798539867588,64
19,0.25,OPT-unw,16,79.68344864156097,65.989886501804,5.639148680898348,6.487463688116488,64
19,0.25,PR-hi,16,167.22842351347208,4083.4143790453672,11.834652740830881,401.44034051135037,64
19,0.25,PR-en,16,24.924353323876858,151.10318732261658,1.763881164341021,14.854949642735642,64
19,0.25,PR-2n,16,24.4024228786584,144.0876880493015,1.7269444675507766,14.165256127527142,64
19,0.25,FOLD-mean,16,89.70788634894416,1019.1060530990362,6.348571975673433,100.18828436140699,64
19,0.25,OPT-joint,16,16.000980754150078,18.952985144220293,1.1323795725600971,1.8632673796336818,64
19,0.25,OPT-layer,16,19.44920450169593,24.934570732992142,1.3764082476352053,2.4513168726943713,64
19,0.25,OPT,32,14.341366499429569,11.217580524040386,1.0149296918777753,1.1027999921813063,64
19,0.25,OPT-unw,32,45.41006813861895,52.975755216088146,3.2136426097129918,5.208044846470894,64
19,0.25,PR-hi,32,113.44292939640582,2344.092406988144,8.028286382792459,230.44765157323667,64
19,0.25,PR-en,32,18.5035570996115,61.19730636384338,1.309485362255995,6.016305283918327,64
19,0.25,PR-2n,32,18.42414084635675,59.75545932725072,1.3038651228283828,5.874557346627094,64
19,0.25,FOLD-mean,32,76.63448119629174,830.7088531143963,5.423375128922283,81.66696149461043,64
19,0.25,OPT-joint,32,14.30685820186045,11.239855034044012,1.0124875608702144,1.1049897985664887,64
19,0.25,OPT-layer,32,14.429817149648443,11.407045615836978,1.0211892900253159,1.1214262994588986,64
19,0.125,EXACT,64,23.565802711760625,20.12384713208303,1.0,1.0,64
19,0.125,NOPE,1,182.8133484981954,4329.200576931238,7.7575693361364495,215.1278802962722,64
19,0.125,OPT,4,53.624112132471055,71.69090712442994,2.2755054342243852,3.562485177604765,64
19,0.125,OPT-unw,4,217.69239946641028,136.873605215922,9.237639902576705,6.801562559959386,64
19,0.125,PR-hi,4,182.48080703616142,4314.94987732172,7.743458148577876,214.4197304322833,64
19,0.125,PR-en,4,61.42553362203762,790.5155326202512,2.6065538430135002,39.28252522649851,64
19,0.125,PR-2n,4,61.4974001343362,791.1068165674806,2.60960345321255,39.311907478477885,64
19,0.125,FOLD-mean,4,123.89448525570333,1446.3342898860574,5.2573844723682255,71.8716595486455,64
19,0.125,OPT-joint,4,54.530809505842626,75.28189815953374,2.313980566366567,3.7409297370140218,64
19,0.125,OPT-layer,4,76.88614992401563,99.97890056017786,3.26261536109887,4.968180284016548,64
19,0.125,OPT,8,32.594853778136894,42.46316070482135,1.3831420969110582,2.1100915956136053,64
19,0.125,OPT-unw,8,160.03900076588616,103.21814075578004,6.791154229854345,5.129145539533617,64
19,0.125,PR-hi,8,181.57730599306524,4289.780348867178,7.705118650698379,213.16899898469566,64
19,0.125,PR-en,8,41.97722643124871,315.85880398005247,1.7812771728883132,15.69574653926313,64
19,0.125,PR-2n,8,41.57782686431892,309.46968545019627,1.7643289037453118,15.378256623546658,64
19,0.125,FOLD-mean,8,108.46846065949649,1197.640427827835,4.602790831536784,59.51349262231584,64
19,0.125,OPT-joint,8,32.64374641771428,42.702914951369166,1.3852168252865524,2.12200553259465,64
19,0.125,OPT-layer,8,40.28515759925358,62.12447792105377,1.70947529740411,3.0871074259955997,64
19,0.125,OPT,16,25.74030591454357,27.70164292724803,1.092273674246528,1.376558008288777,64
19,0.125,OPT-unw,16,92.1024253629148,74.72975558042526,3.9083084285073237,3.7134925091577133,64
19,0.125,PR-hi,16,175.4579428844154,4080.7662256658077,7.445447330204979,202.7826090549022,64
19,0.125,PR-en,16,33.07565323100425,153.68056486546993,1.4035445189608453,7.636738833126009,64
19,0.125,PR-2n,16,32.60421223961748,146.70719023793936,1.3835392173314849,7.290215895351697,64
19,0.125,FOLD-mean,16,99.56526506971568,1019.2279766350985,4.224989332530869,50.647769780071755,64
19,0.125,OPT-joint,16,25.779878759058192,27.8626795434393,1.0939529229866896,1.3845602861402386,64
19,0.125,OPT-layer,16,30.06938039767556,33.823007518891245,1.2759752241611229,1.680742618292301,64
19,0.125,OPT,32,23.816880488418974,20.95553378900513,1.010654327362804,1.0413284125775415,64
19,0.125,OPT-unw,32,56.50238434528001,62.25132355093956,2.3976431032872147,3.0934106755210626,64
19,0.125,PR-hi,32,123.45965880714357,2346.6008383333683,5.23893288580959,116.60796382179984,64
19,0.125,PR-en,32,27.202772782882676,66.82329944893718,1.1543325349705573,3.3206026169023213,64
19,0.125,PR-2n,32,27.113566037733108,65.39238997362554,1.1505471029086547,3.2494974516762167,64
19,0.125,FOLD-mean,32,86.52606813842431,831.91856142506,3.6716792208076607,41.33993644280619,64
19,0.125,OPT-joint,32,23.765037212520838,20.971851784735918,1.00845439059289,1.0421392911150142,64
19,0.125,OPT-layer,32,23.95856599486433,21.12356261489913,1.0166666626173397,1.0496781493247518,64
20,0.25,EXACT,64,13.503205239248928,10.789175199344754,1.0,1.0,64
20,0.25,NOPE,1,185.04804274067283,4571.907916814089,13.704008749182393,423.7495297223229,64
20,0.25,OPT,4,44.29028233839199,67.25721134059131,3.27998290432972,6.233767651180227,64
20,0.25,OPT-unw,4,209.73149916622788,135.16486828774214,15.531978922797853,12.527822172722798,64
20,0.25,PR-hi,4,184.23570318892598,4554.56406365335,13.64384973231537,422.14200617763225,64
20,0.25,PR-en,4,62.2950085666962,777.0760684907436,4.613349753851565,72.02367689218141,64
20,0.25,PR-2n,4,62.2950085666962,777.0760684907436,4.613349753851565,72.02367689218141,64
20,0.25,FOLD-mean,4,128.10888350522146,1334.3313863277435,9.4872944042097,123.6731595950708,64
20,0.25,OPT-joint,4,45.27527427044697,69.02855585236102,3.3529279506800465,6.397945586846458,64
20,0.25,OPT-layer,4,85.7327261979226,103.46896537300199,6.349064883404765,9.590071850838592,64
20,0.25,OPT,8,22.703760478179902,35.29202202428132,1.6813608381059255,3.2710583869677703,64
20,0.25,OPT-unw,8,154.4118970273994,99.36465493123978,11.435203293702441,9.20966182264557,64
20,0.25,PR-hi,8,182.7832125723362,4528.864575564861,13.53628337374682,419.76003650769405,64
20,0.25,PR-en,8,38.79649172583595,328.39573718979955,2.8731320481650235,30.437520118288894,64
20,0.25,PR-2n,8,38.133386144880205,320.293165884912,2.82402477554294,29.68652931916093,64
20,0.25,FOLD-mean,8,118.33769994555041,1247.8625627607107,8.763674834889244,115.65875423327036,64
20,0.25,OPT-joint,8,22.899249920621514,35.82074525812641,1.6958381002801977,3.3200633594588274,64
20,0.25,OPT-layer,8,28.999369677039795,57.225759632885456,2.1475915653528785,5.30399762498628,64
20,0.25,OPT,16,15.520789605099708,19.711129903793335,1.1494152188390347,1.8269357517700173,64
20,0.25,OPT-unw,16,99.19817960029468,72.59366355650127,7.346269114829233,6.728379344596241,64
20,0.25,PR-hi,16,174.60033685714006,4301.526949748397,12.930288310336875,398.6891370537422,64
20,0.25,PR-en,16,27.10419404390268,151.51825665682554,2.0072415077511083,14.043544001957398,64
20,0.25,PR-2n,16,26.632305392064154,145.8755736183375,1.9722950899578782,13.52054915441514,64
20,0.25,FOLD-mean,16,101.77182897878811,1035.9347545020282,7.536864557384809,96.01612128468749,64
20,0.25,OPT-joint,16,15.657804269576445,19.805166239384562,1.1595620441334091,1.835651555698842,64
20,0.25,OPT-layer,16,19.13805043499451,27.173630010336637,1.4172968636636825,2.5186012376541016,64
20,0.25,OPT,32,13.776001490070485,11.95848825504072,1.0202023331489205,1.1083783546092552,64
20,0.25,OPT-unw,32,50.02918045176193,57.35718475840986,3.704985561971999,5.316178827265059,64
20,0.25,PR-hi,32,115.58656220138073,2521.807205080986,8.559935226742496,233.73493881479837,64
20,0.25,PR-en,32,19.11302402743604,61.4290464296937,1.4154434957325095,5.693581325236464,64
20,0.25,PR-2n,32,19.021325596841052,60.08566275425255,1.4086526317139094,5.569069149780946,64
20,0.25,FOLD-mean,32,81.8332716403529,813.844864550978,6.060284961269286,75.43161080565308,64
20,0.25,OPT-joint,32,13.740542943240143,11.983230446232483,1.0175763975875418,1.1106715967463616,64
20,0.25,OPT-layer,32,13.875990001484752,12.195835942402482,1.027607131464778,1.1303770415316972,64
20,0.125,EXACT,64,22.90505706309341,21.23569819331169,1.0,1.0,64
20,0.125,NOPE,1,191.07079420238733,4568.180914670229,8.341860650077008,215.11799956306615,64
20,0.125,OPT,4,57.593605533242226,74.67874008696526,2.5144493364324325,3.5166604557643306,64
20,0.125,OPT-unw,4,222.85129994526505,142.52555638737977,9.72934925817505,6.711602090496324,64
20,0.125,PR-hi,4,190.30976264178753,4551.20614284277,8.30863516810141,214.31864878717286,64
20,0.125,PR-en,4,68.26906458521262,776.4676961451769,2.980523663274936,36.564264997405644,64
20,0.125,PR-2n,4,68.26906458521262,776.4676961451769,2.980523663274936,36.564264997405644,64
20,0.125,FOLD-mean,4,138.3365617254749,1333.2970052585006,6.0395641601947645,62.78564486654978,64
20,0.125,OPT-joint,4,58.66473237518221,76.46528858039528,2.561213107375657,3.600789947395206,64
20,0.125,OPT-layer,4,101.99272690806538,111.05734036769718,4.45284753611921,5.229747539107302,64
20,0.125,OPT,8,33.808822446269915,43.51283414196223,1.47604183447967,2.0490418419897707,64
20,0.125,OPT-unw,8,167.40869187796488,107.59660421404988,7.308809203872629,5.066779685536219,64
20,0.125,PR-hi,8,188.94157867506146,4526.112807497382,8.248902334301551,213.13699066051467,64
20,0.125,PR-en,8,46.14073066879064,329.7799489982426,2.0144342160638637,15.529508189286132,64
20,0.125,PR-2n,8,45.519140916876495,321.7033615857363,1.9872965516519423,15.149177515013783,64
20,0.125,FOLD-mean,8,128.31562307663262,1247.020987354219,5.602065199976548,58.72286260627756,64
20,0.125,OPT-joint,8,33.98063304298557,44.07571402564645,1.4835428241625332,2.0755481465416734,64
20,0.125,OPT-layer,8,41.267674159957096,65.58810449484736,1.8016839707616843,3.088577728774876,64
20,0.125,OPT,16,25.31834954977967,28.98245591716841,1.1053606843256796,1.36479882381718,64
20,0.125,OPT-unw,16,112.40569538297132,81.70622968114913,4.907461923074141,3.8475885717232026,64
20,0.125,PR-hi,16,180.87434167787433,4300.293704971671,7.896699020641803,202.50305244619054,64
20,0.125,PR-en,16,35.154332225676626,154.6411408856511,1.5347847477018643,7.282131224409483,64
20,0.125,PR-2n,16,34.76418621931225,149.015833735466,1.5177515656718135,7.017232604219221,64
20,0.125,FOLD-mean,16,111.48171358928084,1035.4440173953772,4.8671222814332005,48.75959377316336,64
20,0.125,OPT-joint,16,25.4910158473067,29.092484091874212,1.1128990326062103,1.3699801074135185,64
20,0.125,OPT-layer,16,29.90428799390793,36.45015339739621,1.3055757910375294,1.7164565565768117,64
20,0.125,OPT,32,23.237038500839844,22.14983955724165,1.0144938053125985,1.043047389146728,64
20,0.125,OPT-unw,32,62.26548515073955,67.1309456191957,2.718416504234213,3.161230914476784,64
20,0.125,PR-hi,32,123.78391569666564,2525.3856322467327,5.404217739152324,118.9217142406986,64
20,0.125,PR-en,32,27.72212388040498,67.35604214388877,1.2103058204152324,3.1718308261276267,64
20,0.125,PR-2n,32,27.638910109875724,66.01416378561407,1.2066728335905308,3.108641080913724,64
20,0.125,FOLD-mean,32,91.77472289931029,815.0072068721056,4.006745001617376,38.379110470160896,64
20,0.125,OPT-joint,32,23.180585133610293,22.171906938776374,1.0120291370485532,1.04408655354499,64
20,0.125,OPT-layer,32,23.39282825635746,22.364771880209446,1.021295349403429,1.0531686632866804,64
21,0.25,EXACT,64,12.556133192148991,12.39263276127167,1.0,1.0,64
21,0.25,NOPE,1,141.23468687571585,3797.337448194623,11.248262877939688,306.41894433132217,64
21,0.25,OPT,4,45.32650953810662,60.28836937062442,3.609909901756064,4.864855638991592,64
21,0.25,OPT-unw,4,138.97629308281466,116.48176782950759,11.06839908083428,9.399275365725822,64
21,0.25,PR-hi,4,140.77681320346892,3784.996853739023,11.211796741013615,305.4231434637159,64
21,0.25,PR-en,4,47.773990373592824,677.370481595397,3.804833035975168,54.65912648620184,64
21,0.25,PR-2n,4,47.773990373592824,677.370481595397,3.804833035975168,54.65912648620184,64
21,0.25,FOLD-mean,4,126.54895861260593,1263.4751009568572,10.078656914195014,101.95372729072992,64
21,0.25,OPT-joint,4,44.7189283024054,60.92100574914366,3.5615207021192585,4.915905031861224,64
21,0.25,OPT-layer,4,88.24420339474455,90.95180518552661,7.027976053162709,7.339183443711891,64
21,0.25,OPT,8,22.031117947306484,33.570372547023,1.7546100865736232,2.7088975517723783,64
21,0.25,OPT-unw,8,98.53485838603228,90.74026153516024,7.847548037133236,7.322113330004699,64
21,0.25,PR-hi,8,140.05345417559147,3768.108123123646,11.15418672550902,304.06033937351833,64
21,0.25,PR-en,8,31.185497425496578,300.002545401454,2.483686414301182,24.208136493723487,64
21,0.25,PR-2n,8,30.68473815685138,288.0571213699877,2.4438047675408314,23.244223154114408,64
21,0.25,FOLD-mean,8,104.76298948936164,1009.0727185346186,8.343571056961,81.42520947510694,64
21,0.25,OPT-joint,8,21.589646886684932,33.933582056779414,1.7194502922431845,2.7382060543927,64
21,0.25,OPT-layer,8,26.81650808197446,47.5306002330035,2.135729819968945,3.835391651525559,64
21,0.25,OPT,16,14.706443806062452,20.037950851256028,1.1712557983422789,1.6169244451329834,64
21,0.25,OPT-unw,16,63.908036631997675,68.48504129704088,5.089786453679675,5.5262705363999896,64
21,0.25,PR-hi,16,135.2248018514365,3616.9049809724092,10.769621489519471,291.8592885505033,64
21,0.25,PR-en,16,23.21963794133626,149.8438095394522,1.8492666162425602,12.09136205566669,64
21,0.25,PR-2n,16,23.16903424798511,147.9976471234113,1.8452364190013593,11.94238948045972,64
21,0.25,FOLD-mean,16,87.75655748927966,866.3528046607971,6.989138785510132,69.90869667083528,64
21,0.25,OPT-joint,16,14.731440731673501,20.247688652714714,1.173246612331627,1.6338488392870762,64
21,0.25,OPT-layer,16,18.687314472161233,25.019226004369557,1.4883017077141156,2.018878997411863,64
21,0.25,OPT,32,12.78602702403441,13.42908260668628,1.0183092858579397,1.0836343548122904,64
21,0.25,OPT-unw,32,40.26056550722569,56.867772582452744,3.2064461957443657,4.588837067791659,64
21,0.25,PR-hi,32,92.40576550737023,2167.2408458143473,7.359412654617988,174.881390223005,64
21,0.25,PR-en,32,16.726622260990553,59.347834571264684,1.3321475652591241,4.7889609669329625,64
21,0.25,PR-2n,32,16.693076222902164,58.461944825947285,1.3294758798305748,4.717475773884565,64
21,0.25,FOLD-mean,32,71.11852615326643,682.1418413929641,5.664046810027064,55.044142316936224,64
21,0.25,OPT-joint,32,12.763711214996874,13.459714513737708,1.0165320023028808,1.0861061384632316,64
21,0.25,OPT-layer,32,13.022527600289322,13.607346459059045,1.0371447483873424,1.0980190183302685,64
21,0.125,EXACT,64,23.587160014896654,24.384757291991264,1.0,1.0,64
21,0.125,NOPE,1,149.38103957660496,3793.2451504915953,6.333150726168908,155.55804411214783,64
21,0.125,OPT,4,60.4635969363153,68.77725279703736,2.563411487357064,2.8205018394678065,64
21,0.125,OPT-unw,4,153.69489928986877,125.17718963883817,6.516040896521734,5.1334195431976015,64
21,0.125,PR-hi,4,149.02363690175116,3781.560601249337,6.317998301094075,155.07886980246153,64
21,0.125,PR-en,4,55.22793033020571,676.0113837197423,2.3414404402787823,27.72270298305434,64
21,0.125,PR-2n,4,55.22793033020571,676.0113837197423,2.3414404402787823,27.72270298305434,64
21,0.125,FOLD-mean,4,138.0892277173698,1262.1850891113281,5.854423662287383,51.76123239602102,64
21,0.125,OPT-joint,4,59.733472323277965,69.43491996079683,2.5324571625220176,2.8474722602058247,64
21,0.125,OPT-layer,4,107.81904473109171,99.73605238087475,4.571090570590005,4.090098219416409,64
21,0.125,OPT,8,34.92086155083962,42.99940169788897,1.4805030164201658,1.7633721419901667,64
21,0.125,OPT-unw,8,113.17213735450059,100.4027548963204,4.798040004944464,4.117439172925288,64
21,0.125,PR-hi,8,148.37436585128307,3765.516282349825,6.2904718396609045,154.42090471765906,64
21,0.125,PR-en,8,39.93289610557258,301.04087979346514,1.6929929707668347,12.345453193923591,64
21,0.125,PR-2n,8,39.542259036097676,289.1888423115015,1.6764315420391627,11.859410321319064,64
21,0.125,FOLD-mean,8,116.64971733745188,1007.8504612967372,4.945475303672882,41.3311664015515,64
21,0.125,OPT-joint,8,34.38556120567955,43.45959632052109,1.4578084510370508,1.7822443668444719,64
21,0.125,OPT-layer,8,41.029012619983405,57.17341967392713,1.739463869074158,2.3446376352781955,64
21,0.125,OPT,16,26.20996707933955,30.732892937026918,1.1111963908663205,1.260332123425341,64
21,0.125,OPT-unw,16,78.51302412245423,79.10570258740336,3.328634056531974,3.2440635615177604,64
21,0.125,PR-hi,16,143.72401615791023,3616.3399896621704,6.093315857743798,148.303300556118,64
21,0.125,PR-en,16,32.906269838800654,153.15951231308281,1.3950924917632492,6.280952911652941,64
21,0.125,PR-2n,16,32.869679354829714,151.3169195521623,1.3935412035221966,6.20538961041288,64
21,0.125,FOLD-mean,16,99.38817489612848,866.043577298522,4.2136558548531955,35.51577597956894,64
21,0.125,OPT-joint,16,26.23128977883607,30.95146247651428,1.1121003869168435,1.2692954908630456,64
21,0.125,OPT-layer,16,31.279282188043,35.65242149727419,1.3261148085775618,1.462078177377783,64
21,0.125,OPT,32,23.87453401752282,25.161143746227026,1.0121834931566442,1.031839006840997,64
21,0.125,OPT-unw,32,54.43221037462354,68.19200166501105,2.3077051387384686,2.796501144073617,64
21,0.125,PR-hi,32,103.02001061104238,2172.135021671653,4.367630971510741,89.07757398040832,64
21,0.125,PR-en,32,26.922002122271806,66.09585864655674,1.1413837912351046,2.710539943256468,64
21,0.125,PR-2n,32,26.911161180352792,65.20170472376049,1.1409241792295826,2.6738713837916612,64
21,0.125,FOLD-mean,32,82.7296733292751,682.7555125132203,3.507402895347576,27.999274478629285,64
21,0.125,OPT-joint,32,23.831144229276106,25.18462071334943,1.0103439419678062,1.0328017790696187,64
21,0.125,OPT-layer,32,24.190631424076855,25.311103203333914,1.0255847422410784,1.0379887279684712,64
22,0.25,EXACT,64,20.08883745665662,14.708374301437289,1.0,1.0,64
22,0.25,NOPE,1,172.0756558738649,5199.74611389637,8.565734888598346,353.5228304183322,64
22,0.25,OPT,4,62.67232379736379,85.23823427781463,3.119758618814288,5.795217916740481,64
22,0.25,OPT-unw,4,252.53647225350142,186.91582003142685,12.570984896381903,12.708122339065142,64
22,0.25,PR-hi,4,170.428132917732,5146.582724288106,8.483723027051477,349.9083324106857,64
22,0.25,PR-en,4,61.06575221242383,967.6485175713897,3.03978527100826,65.78895109276843,64
22,0.25,PR-2n,4,60.68784634815529,961.4414119943976,3.02097353712451,65.36693942446423,64
22,0.25,FOLD-mean,4,119.33787674922496,1631.1630634143949,5.94050686142026,110.90029598002542,64
22,0.25,OPT-joint,4,59.80757885472849,85.69839061517268,2.9771547997124492,5.8265032463035915,64
22,0.25,OPT-layer,4,117.32304645725526,146.11475044861436,5.8402108489547855,9.93411966911504,64
22,0.25,OPT,8,33.193849619012326,44.95651772944257,1.6523529393192058,3.0565252697607415,64
22,0.25,OPT-unw,8,185.291597870877,153.64565472956747,9.22360979178907,10.446134398045157,64
22,0.25,PR-hi,8,168.91941234841943,5108.809020400047,8.40862059404271,347.34015573025084,64
22,0.25,PR-en,8,39.96732487087138,358.2880115546286,1.9895290086897408,24.35945701488009,64
22,0.25,PR-2n,8,39.205375869059935,342.4252862557769,1.9516000342801756,23.280974446123214,64
22,0.25,FOLD-mean,8,112.04929413087666,1568.3615162447095,5.577689319883869,106.63051429765767,64
22,0.25,OPT-joint,8,32.01949564949609,45.80074326088652,1.593894904002329,3.113922879730557,64
22,0.25,OPT-layer,8,41.462050173431635,75.2154488414526,2.063934772875212,5.113783977750867,64
22,0.25,OPT,16,22.58102158026304,25.53253814438358,1.124058155629141,1.7359184381028816,64
22,0.25,OPT-unw,16,127.77725384803489,115.31198369991034,6.360609673094584,7.839886403260907,64
22,0.25,PR-hi,16,162.1101848371327,4822.104746371508,8.069664816936234,327.8475681639606,64
22,0.25,PR-en,16,31.366990935755894,163.2336129359901,1.561413944606444,11.098005094964103,64
22,0.25,PR-2n,16,30.862203392898664,154.59852868318558,1.536286181790584,10.51091884900416,64
22,0.25,FOLD-mean,16,102.20574966166168,1407.3461248353124,5.087688617232296,95.68332271077625,64
22,0.25,OPT-joint,16,22.56227154005319,25.709526804741472,1.1231247994680236,1.7479516279531424,64
22,0.25,OPT-layer,16,27.64489440189209,35.916037667077035,1.3761321162331224,2.4418767792418334,64
22,0.25,OPT,32,20.373301119892858,16.323406339855865,1.0141602849766689,1.1098035721229067,64
22,0.25,OPT-unw,32,75.8602588637732,92.23095510248095,3.7762393681291004,6.270642370956539,64
22,0.25,PR-hi,32,107.85534106753767,2561.0668200552464,5.368918997938271,174.12303818002383,64
22,0.25,PR-en,32,24.508758474723436,67.43295901175588,1.22001875557026,4.584664329977406,64
22,0.25,PR-2n,32,24.407790988800116,65.94083004444838,1.2149927063456014,4.483216750746186,64
22,0.25,FOLD-mean,32,86.64109515585005,968.7580161802471,4.312897415929896,65.8643842158396,64
22,0.25,OPT-joint,32,20.35116448730696,16.348999622743577,1.0130583480112443,1.1115436205037268,64
22,0.25,OPT-layer,32,20.575955518055707,16.63041679095477,1.0242481956683698,1.1306767457862192,64
22,0.125,EXACT,64,34.86330834776163,28.155982336960733,1.0,1.0,64
22,0.125,NOPE,1,183.48627919703722,5188.370229154825,5.263019715936333,184.27239252611628,64
22,0.125,OPT,4,81.89775225799531,93.89991744887084,2.3491101716757607,3.334989925945761,64
22,0.125,OPT-unw,4,271.36048424988985,195.75399203971028,7.783555179074459,6.952483124083417,64
22,0.125,PR-hi,4,181.96151050180197,5136.424187555909,5.2192840876354945,182.42745453115506,64
22,0.125,PR-en,4,72.02298986399546,963.4038497060537,2.06586790747355,34.216666219504646,64
22,0.125,PR-2n,4,71.67800105595961,957.230295881629,2.05597243786996,33.99740362193153,64
22,0.125,FOLD-mean,4,134.396873944439,1627.2677836120129,3.854966161094916,57.7947437293238,64
22,0.125,OPT-joint,4,79.01391300978139,94.44934148713946,2.2663917096340174,3.3545035068144133,64
22,0.125,OPT-layer,4,141.81657220143825,154.9154615867883,4.067788713188588,5.5020442807789625,64
22,0.125,OPT,8,50.09325111703947,54.89323722291738,1.4368473186009516,1.9496118645755185,64
22,0.125,OPT-unw,8,204.80509156687185,163.66800118330866,5.8745168279481765,5.8129032482187455,64
22,0.125,PR-hi,8,180.63456125184894,5100.143573030829,5.18122260371903,181.138896593773,64
22,0.125,PR-en,8,52.22554142540321,357.6459509730339,1.4980087633810664,12.70230769052399,64
22,0.125,PR-2n,8,51.76419801916927,341.89118019863963,1.4847758423503932,12.142754463581067,64
22,0.125,FOLD-mean,8,126.90817750059068,1564.665324293077,3.640164502883121,55.571327811181355,64
22,0.125,OPT-joint,8,48.803366746753454,55.814382870681584,1.399848983347756,1.9823276702874366,64
22,0.125,OPT-layer,8,60.24887952534482,85.17300084140152,1.7281457893887184,3.025040995625068,64
22,0.125,OPT,16,37.80407006666064,37.09348705038428,1.084351194945841,1.3174282682260092,64
22,0.125,OPT-unw,16,147.79289832990617,126.67989040631801,4.239210371421767,4.499217569121132,64
22,0.125,PR-hi,16,174.21752625517547,4817.129361003637,4.9971598942175826,171.08724189957059,64
22,0.125,PR-en,16,44.52391379442997,165.680560965091,1.2770995038767912,5.884382188562461,64
22,0.125,PR-2n,16,44.10521025815979,157.24199686571956,1.265089641470917,5.584674510159282,64
22,0.125,FOLD-mean,16,116.73855971451849,1403.8954569101334,3.3484647684623305,49.861355931709795,64
22,0.125,OPT-joint,16,37.75543845212087,37.28753118496388,1.0829562724085227,1.324320023315828,64
22,0.125,OPT-layer,16,44.221733754267916,47.376926337368786,1.2684319374729431,1.6826593286776028,64
22,0.125,OPT,32,35.20859998231754,29.338710666634142,1.009904155713268,1.0420062889484352,64
22,0.125,OPT-unw,32,94.57874289527535,104.70734785497189,2.7128447464552714,3.7188312807513433,64
22,0.125,PR-hi,32,122.0428821053356,2564.8030784130096,3.5006110403510013,91.09265120706368,64
22,0.125,PR-en,32,38.24575110338628,74.05911619123071,1.097020131362313,2.630315479847859,64
22,0.125,PR-2n,32,38.17016652552411,72.62152005918324,1.0948521048196733,2.579257196217658,64
22,0.125,FOLD-mean,32,101.38916446361691,966.9354912899435,2.908191140446558,34.34209752364542,64
22,0.125,OPT-joint,32,35.16493303049356,29.35522571625188,1.0086516368361609,1.042592844566353,64
22,0.125,OPT-layer,32,35.46614502975717,29.57996889203787,1.0172914364862407,1.0505749200306838,64
23,0.25,EXACT,64,18.41921213705791,17.33282818645239,1.0,1.0,64
23,0.25,NOPE,1,153.040416425094,4391.058916181326,8.30873846754767,253.33770513074413,64
23,0.25,OPT,4,57.54818979091942,76.56905377749354,3.124356751130375,4.417574151997948,64
23,0.25,OPT-unw,4,220.394946442917,143.8669041255489,11.965492595608952,8.300255594640783,64
23,0.25,PR-hi,4,152.20041748695076,4360.700889438391,8.263133968729111,251.58622946754778,64
23,0.25,PR-en,4,47.901232752949,694.8385351225734,2.6006124690086896,40.088006853126835,64
23,0.25,PR-2n,4,47.96273455303162,694.3278405964375,2.6039514717643444,40.058542848716115,64
23,0.25,FOLD-mean,4,97.2801613388583,1290.9492819681764,5.281450727370623,74.48001376816292,64
23,0.25,OPT-joint,4,57.358956195414066,78.00779106840491,3.1140830437591114,4.500580645539257,64
23,0.25,OPT-layer,4,56.78708562650718,99.73975709825754,3.083035539411391,5.754384456208693,64
23,0.25,OPT,8,31.489973541349173,45.74816281720996,1.7096265196921199,2.639394005703434,64
23,0.25,OPT-unw,8,197.10122246528044,109.24785216432065,10.700849797409592,6.30294438905882,64
23,0.25,PR-hi,8,151.71029189787805,4342.336049079895,8.236524492415702,250.5266885685703,64
23,0.25,PR-en,8,33.09912550216541,297.2705313079059,1.79698921190949,17.15072278511693,64
23,0.25,PR-2n,8,32.90183049463667,287.52082139253616,1.7862778413003313,16.588223127790936,64
23,0.25,FOLD-mean,8,90.20521271321923,930.0074319317937,4.897343710577821,53.65583861603741,64
23,0.25,OPT-joint,8,30.75377817673143,46.130521449260414,1.6696576350764432,2.6614538004430663,64
23,0.25,OPT-layer,8,37.61895460006781,68.0863129151985,2.042375880148621,3.928170993376363,64
23,0.25,OPT,16,21.752189556718804,28.0779100144282,1.1809511392159506,1.619926633575837,64
23,0.25,OPT-unw,16,128.918186950963,78.79377669934183,6.999115162563897,4.545927291942367,64
23,0.25,PR-hi,16,146.26385383494198,4146.53082677722,7.940831168379421,239.22990421252854,64
23,0.25,PR-en,16,26.377988504827954,142.75836927630007,1.4320910312856243,8.236299797160758,64
23,0.25,PR-2n,16,26.141041802824475,138.6660336200148,1.419226925033937,8.00019662852242,64
23,0.25,FOLD-mean,16,89.06574607267976,931.9590593799949,4.835480769206569,53.76843578870924,64
23,0.25,OPT-joint,16,21.74786195764318,28.277154041454196,1.1807161889345041,1.6314218162940117,64
23,0.25,OPT-layer,16,25.448726788978092,35.27701881388202,1.3816403546261018,2.035271937989618,64
23,0.25,OPT,32,18.81111615523696,19.05909783579409,1.0212769153893706,1.099595382286832,64
23,0.25,OPT-unw,32,63.487742502009496,61.960150892846286,3.4468218309010883,3.574728268597003,64
23,0.25,PR-hi,32,97.57309051416814,2169.0036749839783,5.2973541858426865,125.1384743246521,64
23,0.25,PR-en,32,21.58654515608214,64.60154194850475,1.1719581160940005,3.7271206553006926,64
23,0.25,PR-2n,32,21.509741895482875,63.734864356927574,1.1677883796238535,3.677118567802094,64
23,0.25,FOLD-mean,32,80.7121376413852,773.718767426908,4.381953855615743,44.63892211379899,64
23,0.25,OPT-joint,32,18.797584821819328,19.08705561514944,1.0205422838906428,1.1012083781034754,64
23,0.25,OPT-layer,32,18.798691684613004,19.3287191898562,1.0206023767320433,1.115150913742042,64
23,0.125,EXACT,64,32.19052777765319,32.33206819370389,1.0,1.0,64
23,0.125,NOPE,1,165.15334348380566,4381.066279232502,5.130495051977864,135.5021971680005,64
23,0.125,OPT,4,75.20344320544973,85.94053268712014,2.336197894141279,2.6580586237862622,64
23,0.125,OPT-unw,4,238.5298326429911,153.52257267013192,7.409938547468601,4.748306596112766,64
23,0.125,PR-hi,4,164.38939096592367,4351.628672897816,5.106762837235727,134.59172010979552,64
23,0.125,PR-en,4,57.42376780696213,691.1103035658598,1.7838715849457423,21.375381847686487,64
23,0.125,PR-2n,4,57.45924586104229,690.6097182258964,1.784973712078457,21.3598992210582,64
23,0.125,FOLD-mean,4,110.6332377512008,1286.5839337036014,3.4368258425387763,39.79281269591474,64
23,0.125,OPT-joint,4,75.10629594651982,87.43490459956229,2.333180010756424,2.7042781202777717,64
23,0.125,OPT-layer,4,76.1292442670092,109.6408674782142,2.36495794020061,3.391087350841505,64
23,0.125,OPT,8,47.2926958440803,56.68472395930439,1.4691494395724418,1.7532043919894602,64
23,0.125,OPT-unw,8,216.7282796264626,120.34503850247711,6.732672453320768,3.722157140752048,64
23,0.125,PR-hi,8,163.93171127699316,4334.463059037924,5.092544999861584,134.0608040620793,64
23,0.125,PR-en,8,44.36847982602194,297.14276262000203,1.3783085550036474,9.190341949045667,64
23,0.125,PR-2n,8,44.19442663434893,287.4150457531214,1.3729015858208111,8.889472953947637,64
23,0.125,FOLD-mean,8,103.15275245998055,926.2842960655689,3.2044442754240787,28.649088901957306,64
23,0.125,OPT-joint,8,46.473416761728004,57.151025822386146,1.4436985029487484,1.767626663410147,64
23,0.125,OPT-layer,8,54.89566077385098,79.07615090534091,1.7053358414322053,2.4457498490844958,64
23,0.125,OPT,16,36.13052281434648,40.896988958120346,1.122396099371457,1.2649048218351935,64
23,0.125,OPT-unw,16,148.17296690447256,91.42011830583215,4.602998991751074,2.8275369753065975,64
23,0.125,PR-hi,16,158.760626392439,4142.337135821581,4.931905046386079,128.11853269034702,64
23,0.125,PR-en,16,38.444278275594115,145.62901545129716,1.1942730029509585,4.504166407754141,64
23,0.125,PR-2n,16,38.25065076770261,141.54175112769008,1.188257956871909,4.3777512245644985,64
23,0.125,FOLD-mean,16,102.12166584935039,928.4546427726746,3.1724135296794893,28.716215653456867,64
23,0.125,OPT-joint,16,36.102901140227914,41.110968520864844,1.1215380309884424,1.2715230054126414,64
23,0.125,OPT-layer,16,40.777998992823996,48.01825714390725,1.26677012798567,1.4851588477491202,64
23,0.125,OPT,32,32.68568169954233,33.54868392786011,1.0153819758815164,1.0376287630864622,64
23,0.125,OPT-unw,32,81.07652221480384,75.85192343592644,2.518645322463074,2.3460275718055454,64
23,0.125,PR-hi,32,112.91686766780913,2174.3062792122364,3.5077668948999507,67.24921728439398,64
23,0.125,PR-en,32,34.27332715422381,72.08760085701942,1.0647022438077733,2.229600668448956,64
23,0.125,PR-2n,32,34.190289027406834,71.20822924468666,1.0621226611618928,2.2024025440646953,64
23,0.125,FOLD-mean,32,93.72861474286765,770.7643199563026,2.9116830699475043,23.839004524504734,64
23,0.125,OPT-joint,32,32.658784695202485,33.569861041847616,1.0145464193934206,1.0382837510031222,64
23,0.125,OPT-layer,32,32.62482372543309,33.75015713647008,1.0134914205439463,1.0438601370710439,64
24,0.25,EXACT,64,17.384486310300417,14.09203746682033,1.0,1.0,64
24,0.25,NOPE,1,165.98102034442127,4310.467772871256,9.547651704041233,305.8796702052661,64
24,0.25,OPT,4,50.074381075566635,65.00718376692384,2.8804061380805512,4.6130436368753,64
24,0.25,OPT-unw,4,207.57724100956693,125.6141285803169,11.940372427718852,8.91383725568961,64
24,0.25,PR-hi,4,165.41618682444096,4297.514717161655,9.515161039094426,304.9604946963946,64
24,0.25,PR-en,4,58.35008538886905,706.1226839311421,3.3564457613162983,50.10791985145557,64
24,0.25,PR-2n,4,58.266563574783504,703.8209282197058,3.3516413735078383,49.94458252590164,64
24,0.25,FOLD-mean,4,114.91910885600373,1035.6744555011392,6.610440297445742,73.4935922459497,64
24,0.25,OPT-joint,4,51.840091433608904,67.68131909053773,2.9819743021623437,4.802805786593545,64
24,0.25,OPT-layer,4,55.60554141923785,88.66296520642936,3.1985725909134985,6.291706604895574,64
24,0.25,OPT,8,27.572449262952432,36.98304302524775,1.5860376182996896,2.624392896507992,64
24,0.25,OPT-unw,8,151.1980343614705,98.99784050602466,8.6972966392389,7.025090639952871,64
24,0.25,PR-hi,8,164.19509562291205,4267.961969360709,9.444920758206438,302.8633708510651,64
24,0.25,PR-en,8,41.01901985006407,325.1653134673834,2.359518660367896,23.074400293994703,64
24,0.25,PR-2n,8,39.862059304025024,307.38062185421586,2.292967338379536,21.812361951062282,64
24,0.25,FOLD-mean,8,100.52339813066646,903.7541766837239,5.782362293391765,64.13225758245471,64
24,0.25,OPT-joint,8,26.852400259231217,37.457021058071405,1.544618562776917,2.6580273538346657,64
24,0.25,OPT-layer,8,33.81122806773055,56.894359804689884,1.9449080901342013,4.03734094084319,64
24,0.25,OPT,16,19.54126704542432,22.872884534765035,1.124063529783218,1.6231069913501996,64
24,0.25,OPT-unw,16,84.13376516196877,72.87997450772673,4.839588795449135,5.171713081186625,64
24,0.25,PR-hi,16,158.98983500525355,4109.773053765297,9.145500888976574,291.6379596237768,64
24,0.25,PR-en,16,31.156552026746795,167.3399664722383,1.7922043522382562,11.874788643320022,64
24,0.25,PR-2n,16,30.36956587736495,155.86042817868292,1.746934901341939,11.06017696487509,64
24,0.25,FOLD-mean,16,95.26981016760692,810.5600136592984,5.480162511972468,57.51900784877702,64
24,0.25,OPT-joint,16,19.67923822568264,23.051370462868363,1.131999984033038,1.6357727203850232,64
24,0.25,OPT-layer,16,23.735070270835422,27.866052286233753,1.3653017896060722,1.977432457999371,64
24,0.25,OPT,32,17.668208213639446,15.403759153326973,1.0163204076482215,1.0930824722539298,64
24,0.25,OPT-unw,32,48.78027101117186,56.093861443921924,2.805965625931049,3.9805359286047026,64
24,0.25,PR-hi,32,106.43835382629186,2391.33786521852,6.122605633922382,169.69425967316081,64
24,0.25,PR-en,32,22.42431899101939,63.85406307131052,1.2899040322941748,4.531215817560432,64
24,0.25,PR-2n,32,22.224597276654094,60.89781233947724,1.2784155297983053,4.321434177482213,64
24,0.25,FOLD-mean,32,88.0830749841407,751.825069501996,5.066763171020527,53.35105525174529,64
24,0.25,OPT-joint,32,17.63791018584743,15.427541096461937,1.014577587800041,1.0947700879156792,64
24,0.25,OPT-layer,32,17.85298190289177,15.640942353056744,1.0269490616075188,1.109913480565412,64
24,0.125,EXACT,64,30.589797747903503,27.259847599547356,1.0,1.0,64
24,0.125,NOPE,1,175.77878285571933,4304.360320866108,5.74632053158202,157.90111463930492,64
24,0.125,OPT,4,66.98813833366148,73.81921541504562,2.189884970333044,2.7079834230720854,64
24,0.125,OPT-unw,4,225.06887086527422,134.62059834599495,7.357644948165749,4.938420798369771,64
24,0.125,PR-hi,4,175.33386873826385,4292.0164236575365,5.7317760052951146,157.44829122701347,64
24,0.125,PR-en,4,67.74649851303548,704.7083083093166,2.214676248314801,25.851513136156278,64
24,0.125,PR-2n,4,67.68083228170872,702.3489349633455,2.2125295773276985,25.764961905913513,64
24,0.125,FOLD-mean,4,128.4811990405433,1032.5677975714207,4.200132348026029,37.87870764136503,64
24,0.125,OPT-joint,4,68.96278358250856,76.53560693282634,2.254437383040069,2.807631504663922,64
24,0.125,OPT-layer,4,74.19248135201633,97.78660146612674,2.4253995388740734,3.587202793743809,64
24,0.125,OPT,8,42.527837401023135,47.062682839110494,1.3902621309072831,1.7264470267945284,64
24,0.125,OPT-unw,8,168.87147885235026,109.1164175895974,5.52051635790642,4.002825664785054,64
24,0.125,PR-hi,8,174.1773765347898,4263.477003872395,5.693969537498076,156.4013514126612,64
24,0.125,PR-en,8,52.06711572641507,326.2841634862125,1.7021072239676227,11.96940526885522,64
24,0.125,PR-2n,8,51.044664919842035,308.5115514397621,1.6686826549332259,11.31743493110669,64
24,0.125,FOLD-mean,8,114.01924289017916,901.0717759355903,3.727361776950407,33.054908786450895,64
24,0.125,OPT-joint,8,41.66429625288583,47.57147497218102,1.3620324199672529,1.7451115527502412,64
24,0.125,OPT-layer,8,50.02419198350981,67.11265543382615,1.6353227437385804,2.4619600380649427,64
24,0.125,OPT,16,33.12717634590808,34.41184375761077,1.0829485248289514,1.2623637616441468,64
24,0.125,OPT-unw,16,101.48495911317877,84.18904360756278,3.3176080453207355,3.0883901056350997,64
24,0.125,PR-hi,16,169.03045794181526,4107.389941766858,5.5257134857454195,150.67545505408697,64
24,0.125,PR-en,16,43.07874952536076,170.46655314788222,1.4082717996497116,6.253393476444556,64
24,0.125,PR-2n,16,42.39160827593878,159.03386414423585,1.385808713914891,5.8339968176079084,64
24,0.125,FOLD-mean,16,108.4113242700696,808.1893763691187,3.544035340263067,29.647611690336028,64
24,0.125,OPT-joint,16,33.287172224605456,34.59974490804598,1.0881788921565139,1.269256725728008,64
24,0.125,OPT-layer,16,38.25590313563589,39.32526953611523,1.2506098749298789,1.4426078279604255,64
24,0.125,OPT,32,30.932338609010912,28.213876781519502,1.0111978792383773,1.0349975977851023,64
24,0.125,OPT-unw,32,65.67431470192969,68.37416689191014,2.146935237792827,2.508237312854437,64
24,0.125,PR-hi,32,119.16569833643734,2395.5737517774105,3.8956026881414885,87.87920559824364,64
24,0.125,PR-en,32,34.723228281131014,70.85400252230465,1.1351244806288658,2.5992075804371395,64
24,0.125,PR-2n,32,34.59171188226901,67.91136573068798,1.1308251256626822,2.491259919289337,64
24,0.125,FOLD-mean,32,101.30281150899827,750.2764406651258,3.3116535239577107,27.52313408669181,64
24,0.125,OPT-joint,32,30.88362723228056,28.231693318113685,1.00960547326264,1.035651179450558,64
24,0.125,OPT-layer,32,31.2017497807974,28.411790086887777,1.020005102287276,1.0422578476689484,64
25,0.25,EXACT,64,26.63756219705101,19.94425647892058,1.0,1.0,64
25,0.25,NOPE,1,163.27675609104335,3480.8481829166412,6.12956827217167,174.5288517822466,64
25,0.25,OPT,4,63.6126829595305,70.84693055320531,2.3880820057389833,3.552247266178342,64
25,0.25,OPT-unw,4,126.7634180567693,130.42677461449057,4.7588220393082,6.5395656515117935,64
25,0.25,PR-hi,4,162.58699438907206,3457.78842613101,6.103673946825049,173.3726413810214,64
25,0.25,PR-en,4,57.254347106441855,610.2085183635354,2.1493838919231267,30.595701524821198,64
25,0.25,PR-2n,4,57.254347106441855,610.2085183635354,2.1493838919231267,30.595701524821198,64
25,0.25,FOLD-mean,4,125.6680695018731,923.3845441862941,4.717701588915879,46.29826863499448,64
25,0.25,OPT-joint,4,64.4635172765702,72.07678716257215,2.420023153759424,3.6139119670242565,64
25,0.25,OPT-layer,4,61.92586653842591,89.30188481137156,2.324757276222581,4.477574027678406,64
25,0.25,OPT,8,39.624147766968235,44.29261035937816,1.4875290566700186,2.2208203352274256,64
25,0.25,OPT-unw,8,106.90353880240582,94.57812779396772,4.013262850841541,4.74212352282618,64
25,0.25,PR-hi,8,161.5900924373418,3434.281833231449,6.066249277692203,172.1940267295098,64
25,0.25,PR-en,8,43.898674454772845,283.4180614762008,1.6479989471271053,14.210510267743004,64
25,0.25,PR-2n,8,43.29787754989229,272.25323551520705,1.625444446815246,13.650708704180378,64
25,0.25,FOLD-mean,8,122.23085415037349,874.4792296811938,4.588665180626229,43.846168474891286,64
25,0.25,OPT-joint,8,39.03320198855363,45.02401868393645,1.4653443772296442,2.2574929645295674,64
25,0.25,OPT-layer,8,42.00915689370595,63.35943150520325,1.5770646196128524,3.1768259484713757,64
25,0.25,OPT,16,29.648993845563382,29.219339127186686,1.1130520738435201,1.465050309499835,64
25,0.25,OPT-unw,16,82.5521199721843,71.7789680287242,3.099086896973007,3.59897939061246,64
25,0.25,PR-hi,16,158.18525723554194,3340.179603636265,5.938428451724246,167.47576462258982,64
25,0.25,PR-en,16,36.48687271378003,156.18650606647134,1.369752698984572,7.831152102939886,64
25,0.25,PR-2n,16,36.21274600108154,149.74083972349763,1.359461715497771,7.507968014839824,64
25,0.25,FOLD-mean,16,115.54290097393095,799.4088899642229,4.337592911813922,40.082160536249205,64
25,0.25,OPT-joint,16,29.546203324454837,29.397094970569015,1.1091932176783743,1.4739629427469156,64
25,0.25,OPT-layer,16,34.04593613569159,34.563402897212654,1.2781175651073935,1.733000321859243,64
25,0.25,OPT,32,27.01971971464809,21.508845870383084,1.0143465650035868,1.078448118289902,64
25,0.25,OPT-unw,32,59.30508209997788,59.568264187313616,2.226370478697312,2.9867377733671003,64
25,0.25,PR-hi,32,115.69246440753341,1921.9157008826733,4.3432076686184695,96.36436950728037,64
25,0.25,PR-en,32,30.55434682359919,71.90482062194496,1.1470399054378106,3.6052896079601857,64
25,0.25,PR-2n,32,30.546856966102496,70.69658172223717,1.1467587289006602,3.5447088136355234,64
25,0.25,FOLD-mean,32,110.25857371510938,700.6003436483443,4.139214125507171,35.12792489350609,64
25,0.25,OPT-joint,32,26.96578059461899,21.54413609346375,1.0123216379614617,1.080217561192823,64
25,0.25,OPT-layer,32,27.073216173099354,21.842110087629408,1.016354874099424,1.0951579022619722,64
25,0.125,EXACT,64,42.964334217133,37.034487766213715,1.0,1.0,64
25,0.125,NOPE,1,179.56544351391494,3471.8987626582384,4.179407100932316,93.74771927656107,64
25,0.125,OPT,4,83.57476675743237,82.18612358905375,1.9452126579004463,2.2191780836248403,64
25,0.125,OPT-unw,4,144.92730221897364,141.9906260687858,3.3732002336296087,3.8340108000176736,64
25,0.125,PR-hi,4,178.8727394156158,3449.6719868928194,4.163284330478144,93.14755502140169,64
25,0.125,PR-en,4,69.67555155651644,606.8722748011351,1.6217067673943317,16.386679319884642,64
25,0.125,PR-2n,4,69.67555155651644,606.8722748011351,1.6217067673943317,16.386679319884642,64
25,0.125,FOLD-mean,4,141.60421406757087,917.4050433821976,3.2958549608131245,24.77164121111834,64
25,0.125,OPT-joint,4,84.69641500106081,83.58880973421037,1.9713191544647792,2.2570532165012906,64
25,0.125,OPT-layer,4,83.87353509874083,101.1704406728968,1.9521665266558317,2.7317899281219122,64
25,0.125,OPT,8,57.662868736777455,57.18519708421081,1.3421101429236877,1.5441066026132657,64
25,0.125,OPT-unw,8,126.04640532750636,107.85810118541121,2.933745107988721,2.912369191286867,64
25,0.125,PR-hi,8,177.96694880910218,3427.3424519747496,4.142201946146621,92.54461607813808,64
25,0.125,PR-en,8,57.446840366348624,283.6310018450022,1.337082056852644,7.658564191179568,64
25,0.125,PR-2n,8,57.00555960647762,272.53223713859916,1.326811194568572,7.358876916538002,64
25,0.125,FOLD-mean,8,138.18459213990718,869.0143369734287,3.2162628528479082,23.46500220171059,64
25,0.125,OPT-joint,8,57.111269026994705,58.057840295135975,1.3292715939310493,1.5676695911561036,64
25,0.125,OPT-layer,8,61.232172534801066,76.5970382867381,1.4251861142627307,2.068262392888204,64
25,0.125,OPT,16,46.38102910062298,44.19838229380548,1.0795239806631869,1.1934384666750362,64
25,0.125,OPT-unw,16,102.82796300854534,86.64334250055254,2.393333095512984,2.339531278183267,64
25,0.125,PR-hi,16,174.81179702281952,3335.7998750954866,4.068765412245336,90.07279636627543,64
25,0.125,PR-en,16,50.813100394792855,159.54170928522944,1.182680968311851,4.307922666363382,64
25,0.125,PR-2n,16,50.627190419938415,153.1475375406444,1.1783538914877372,4.135268145395,64
25,0.125,FOLD-mean,16,131.4431763663888,794.4331071861088,3.0593555971821123,21.451170384780216,64
25,0.125,OPT-joint,16,46.26306511461735,44.383366647176445,1.0767783548282917,1.1984333880180478,64
25,0.125,OPT-layer,16,51.70928655075841,49.51403019763529,1.2035398079120743,1.3369708394564748,64
25,0.125,OPT,32,43.432513869018294,38.14735208963975,1.0108969372018943,1.0300494050424345,64
25,0.125,OPT-unw,32,79.98523666383699,75.66458421759307,1.8616659171211145,2.0430844000121775,64
25,0.125,PR-hi,32,134.0288489945233,1926.247664347291,3.1195374357989296,52.01226695795135,64
25,0.125,PR-en,32,45.684705544030294,80.48997947573662,1.063316966885815,2.1733790402028195,64
25,0.125,PR-2n,32,45.70854345965199,79.26873213239014,1.0638717972132494,2.1404030921876664,64
25,0.125,FOLD-mean,32,126.3388841575943,696.7891259975731,2.940552587620776,18.814601416824473,64
25,0.125,OPT-joint,32,43.35103967436589,38.178805626928806,1.0090006156101143,1.030898709007096,64
25,0.125,OPT-layer,32,43.466900940518826,38.42334645567462,1.011697300389806,1.0375017658736987,64
26,0.25,EXACT,64,29.181209535803646,17.609625560697168,1.0,1.0,64
26,0.25,NOPE,1,188.20920093730092,5119.580914229155,6.4496710016896035,290.72627902182774,64
26,0.25,OPT,4,65.21001803991385,81.6691067237407,2.2346578184123915,4.637753735435327,64
26,0.25,OPT-unw,4,271.9872850344982,168.14303521905094,9.320630959480471,9.548359483254915,64
26,0.25,PR-hi,4,187.72360431589186,5098.794865548611,6.433030271948321,289.54589908649643,64
26,0.25,PR-en,4,74.38307368662208,975.5781197398901,2.5490058455376357,55.400276194246736,64
26,0.25,PR-2n,4,74.38307368662208,975.5781197398901,2.5490058455376357,55.400276194246736,64
26,0.25,FOLD-mean,4,152.059153359849,1856.2490075081587,5.2108584866326835,105.41104358579385,64
26,0.25,OPT-joint,4,65.26908013946377,84.48199434299022,2.236681795502082,4.797489535015733,64
26,0.25,OPT-layer,4,86.78805631492287,123.559260526672,2.97410757454858,7.016575116874903,64
26,0.25,OPT,8,41.00078807177488,48.325527037959546,1.4050407342255398,2.7442677228649903,64
26,0.25,OPT-unw,8,191.04789688438177,124.39541373495013,6.546949215726549,7.064057853256551,64
26,0.25,PR-hi,8,185.96155793778598,5053.215688586235,6.372647360954041,286.95758868743246,64
26,0.25,PR-en,8,51.97519997530617,380.45611284300685,1.7811187679364566,21.605008665950564,64
26,0.25,PR-2n,8,50.99694830388762,360.454193867743,1.747595425793346,20.46915720185663,64
26,0.25,FOLD-mean,8,135.11688409140334,1352.8380692079663,4.630270171824879,76.8237839325419,64
26,0.25,OPT-joint,8,39.48715195548721,48.989605363924056,1.3531705019642442,2.781978821472712,64
26,0.25,OPT-layer,8,49.13698766985908,75.23955667577684,1.6838571276345093,4.2726380760590175,64
26,0.25,OPT,16,31.492186318384483,28.52567255171016,1.079194002556522,1.619890920075919,64
26,0.25,OPT-unw,16,131.49947377224453,92.33662919607013,4.506306485031141,5.243531662714951,64
26,0.25,PR-hi,16,178.94161797314882,4804.697314947844,6.1320836531329475,272.84494485058343,64
26,0.25,PR-en,16,41.9993741188664,168.82402927801013,1.439260907514324,9.587031177699066,64
26,0.25,PR-2n,16,41.2665515888948,155.48950476199389,1.41414808520062,8.829801873188611,64
26,0.25,FOLD-mean,16,125.24085205746815,1098.0667448565364,4.291832108734386,62.35605300474451,64
26,0.25,OPT-joint,16,31.61799193569459,28.770664554089308,1.0835051883953322,1.6338033114288588,64
26,0.25,OPT-layer,16,36.66492859541904,37.55520296609029,1.256456780875834,2.132651988348324,64
26,0.25,OPT,32,29.468190330429934,19.103279105387628,1.009834437954814,1.0848202898773804,64
26,0.25,OPT-unw,32,72.19784556888044,71.65133801847696,2.4741210771369118,4.068873456253108,64
26,0.25,PR-hi,32,123.3020606348291,2692.098052173853,4.225392387643995,152.87650739049968,64
26,0.25,PR-en,32,34.618640340399,75.02583103068173,1.1863332908776087,4.260501211231401,64
26,0.25,PR-2n,32,34.52446549991146,72.65726990625262,1.18310604834772,4.125997435653374,64
26,0.25,FOLD-mean,32,114.33107528975233,936.9396017938852,3.9179690324170684,53.20610586320676,64
26,0.25,OPT-joint,32,29.43270008091349,19.13823145115748,1.0086182358137445,1.086805133089939,64
26,0.25,OPT-layer,32,29.54795824259054,19.34827894810587,1.0125679748242413,1.0987331264606326,64
26,0.125,EXACT,64,44.282071597641334,32.98287309706211,1.0,1.0,64
26,0.125,NOPE,1,200.7654667813331,5111.915221810341,4.533786689239416,154.98695964923914,64
26,0.125,OPT,4,84.09212877671234,91.82242221571505,1.8990107224611297,2.7839425008700642,64
26,0.125,OPT-unw,4,291.21679001580924,178.4091952573508,6.576403937509571,5.409146581388699,64
26,0.125,PR-hi,4,200.39690757729113,5091.848908901215,4.525463700030809,154.378573810623,64
26,0.125,PR-en,4,85.4098620659206,972.2498312965035,1.9287684379804382,29.477414791469606,64
26,0.125,PR-2n,4,85.4098620659206,972.2498312965035,1.9287684379804382,29.477414791469606,64
26,0.125,FOLD-mean,4,166.88035158999264,1851.4129064306617,3.7685759850241842,56.132554037433835,64
26,0.125,OPT-joint,4,84.22155491332524,94.75476542674005,1.9019334885365042,2.8728475274999665,64
26,0.125,OPT-layer,4,108.63911188580096,134.15098069608212,2.453343034014415,4.06729214587529,64
26,0.125,OPT,8,57.72792599070817,59.88232320826501,1.3036410427054868,1.8155581241222711,64
26,0.125,OPT-unw,8,210.23933029850014,136.15314699243754,4.747730237392472,4.127995356613282,64
26,0.125,PR-hi,8,198.55482826195657,5047.453936368227,4.483864938977527,153.03257304221384,64
26,0.125,PR-en,8,64.37242562626489,380.5720029659569,1.453690473453226,11.538473372104617,64
26,0.125,PR-2n,8,63.49548726459034,360.6285246387124,1.4338870105610055,10.93381172639065,64
26,0.125,FOLD-mean,8,149.8083372944966,1348.583011612296,3.383047176647356,40.88737229299829,64
26,0.125,OPT-joint,8,56.046082792337984,60.600839589722455,1.26566081419107,1.837342653909685,64
26,0.125,OPT-layer,8,67.46631775097921,87.11543217394501,1.5235583006142102,2.641232372861558,64
26,0.125,OPT,16,46.90021513623651,41.95892714941874,1.059124233445633,1.2721428793041125,64
26,0.125,OPT-unw,16,151.5317776412703,105.61943779792637,3.4219667728765786,3.2022509830210706,64
26,0.125,PR-hi,16,191.55339075252414,4801.799578696489,4.325754957740666,145.58463614027005,64
26,0.125,PR-en,16,55.441643808502704,172.21799637004733,1.2520110692259434,5.221437073212016,64
26,0.125,PR-2n,16,54.84861634555273,159.0007950887084,1.2386190249616555,4.82070784497155,64
26,0.125,FOLD-mean,16,139.98118064180017,1094.4837862551212,3.1611253853186083,33.18339742672722,64
26,0.125,OPT-joint,16,47.036618959507905,42.20042683230713,1.0622045731485898,1.2794648515949345,64
26,0.125,OPT-layer,16,53.075171577744186,50.939742661081254,1.1985702037610004,1.5444301201770874,64
26,0.125,OPT,32,44.61081050068606,34.08295213803649,1.0074237471550955,1.0333530386433305,64
26,0.125,OPT-unw,32,91.5497622754192,85.989994475618,2.0674227508429293,2.607110491028673,64
26,0.125,PR-hi,32,138.78575860708952,2697.2439068853855,3.134129764030323,81.77710592245639,64
26,0.125,PR-en,32,48.76497923443094,83.03894291445613,1.1012352736683706,2.517638250315212,64
26,0.125,PR-2n,32,48.77140035200864,80.68261009268463,1.101380278573201,2.4461971476909112,64
26,0.125,FOLD-mean,32,129.49863462615758,934.8607327640057,2.9244032619525253,28.343823475077333,64
26,0.125,OPT-joint,32,44.550686000846326,34.110103437677026,1.0060659854770502,1.0341762325343125,64
26,0.125,OPT-layer,32,44.694473609444685,34.28122896561399,1.0093130695318535,1.0393645473131183,64
27,0.25,EXACT,64,26.471854470204562,22.226476259995252,1.0,1.0,64
27,0.25,NOPE,1,179.5170792285353,5597.055183708668,6.781431932945651,251.8192770746407,64
27,0.25,OPT,4,71.73773107654415,92.59950651787221,2.7099624303725554,4.166180254336545,64
27,0.25,OPT-unw,4,275.808188168332,198.3984882608056,10.418922047141363,8.926223209654555,64
27,0.25,PR-hi,4,178.74085428752005,5570.360466599464,6.752109282283269,250.6182447203916,64
27,0.25,PR-en,4,57.117060753982514,799.8845813721418,2.157652416013042,35.98791693363601,64
27,0.25,PR-2n,4,57.117060753982514,799.8845813721418,2.157652416013042,35.98791693363601,64
27,0.25,FOLD-mean,4,123.74827823741361,1439.4885621964931,4.674711338289454,64.76458730380867,64
27,0.25,OPT-joint,4,72.60611256444827,95.35947772487998,2.7427663840540597,4.2903551876333434,64
27,0.25,OPT-layer,4,67.98138059326448,138.35147851891816,2.5680626444128056,6.224624942817981,64
27,0.25,OPT,8,41.62503364100121,55.508551536127925,1.5724260530312424,2.497406736309167,64
27,0.25,OPT-unw,8,204.49176767235622,147.68258775770664,7.7248750329344045,6.644444491793599,64
27,0.25,PR-hi,8,177.72193395905197,5540.585596263409,6.713618577764817,249.2786319996093,64
27,0.25,PR-en,8,38.86709186760709,293.7033593431115,1.4682421252864624,13.214121568686942,64
27,0.25,PR-2n,8,38.547851397423074,285.4512513130903,1.456182506624561,12.842847780908269,64
27,0.25,FOLD-mean,8,117.35630319593474,1365.111545920372,4.433248276127587,61.418262164092745,64
27,0.25,OPT-joint,8,40.11166762071662,56.51773019321263,1.5152571825243437,2.5428110840465137,64
27,0.25,OPT-layer,8,49.341294107958674,88.91119215078652,1.8639152826823995,4.000237874449538,64
27,0.25,OPT,16,30.2888155488763,35.24186247866601,1.1441894100380434,1.5855802812115902,64
27,0.25,OPT-unw,16,129.67756033781916,110.50140777416527,4.898695725445981,4.971611625773238,64
27,0.25,PR-hi,16,172.20179646089673,5306.800551533699,6.505090025132872,238.7603185253996,64
27,0.25,PR-en,16,32.662475804565474,136.0805427953601,1.2338567304126267,6.122452394322498,64
27,0.25,PR-2n,16,32.672494703670964,133.85801576077938,1.2342352040521205,6.022457819897718,64
27,0.25,FOLD-mean,16,113.13872547214851,1227.717633381486,4.273925183424228,55.236719443073255,64
27,0.25,OPT-joint,16,30.3066353618633,35.55915580224246,1.1448625707720999,1.5998557479956588,64
27,0.25,OPT-layer,16,34.99128845683299,44.16729419864714,1.3218298890324247,1.9871478358511776,64
27,0.25,OPT,32,26.944490473368205,24.32881456706673,1.017854283827966,1.094587116845661,64
27,0.25,OPT-unw,32,68.45884464425035,88.65590437874198,2.5860993124340537,3.988752123444372,64
27,0.25,PR-hi,32,115.80512990336865,2812.3441973626614,4.37465119920908,126.53126678584283,64
27,0.25,PR-en,32,29.676701404852793,73.52534983865917,1.1210662040415587,3.3080074852438566,64
27,0.25,PR-2n,32,29.655690448358655,72.84340991452336,1.1202724947637372,3.277326062054738,64
27,0.25,FOLD-mean,32,101.59011457441375,1008.7729227691889,3.8376651960201227,45.38609318764793,64
27,0.25,OPT-joint,32,26.916921110008843,24.37761025642976,1.0168128243642782,1.0967825026005706,64
27,0.25,OPT-layer,32,26.93848982010968,24.717016060370952,1.0176276033260285,1.1120528405511738,64
27,0.125,EXACT,64,44.71570997359231,39.61263093724847,1.0,1.0,64
27,0.125,NOPE,1,195.69628969207406,5583.6118884682655,4.376454937373154,140.95534066680472,64
27,0.125,OPT,4,94.26735059078783,103.06135275959969,2.1081483587414613,2.6017295574954917,64
27,0.125,OPT-unw,4,298.1751310983673,209.02579307556152,6.66824101136849,5.276746030999188,64
27,0.125,PR-hi,4,194.96708752401173,5557.838125109673,4.360147421099948,140.30469558848557,64
27,0.125,PR-en,4,70.26780781475827,794.8223258554935,1.5714344657896793,20.064870902278493,64
27,0.125,PR-2n,4,70.26780781475827,794.8223258554935,1.5714344657896793,20.064870902278493,64
27,0.125,FOLD-mean,4,139.93908365163952,1432.8377291858196,3.1295283857571117,36.17123365160017,64
27,0.125,OPT-joint,4,95.37319111451507,105.96423670835793,2.1328788287346767,2.675011333536997,64
27,0.125,OPT-layer,4,92.53882664488629,149.17621421068907,2.0694925049727892,3.7658749414297548,64
27,0.125,OPT,8,61.84753742348403,67.90381283126771,1.3831277074658823,1.714195983065001,64
27,0.125,OPT-unw,8,227.84823154099286,160.1401597056538,5.095485047102078,4.042653969622379,64
27,0.125,PR-hi,8,194.04589433595538,5529.625299692154,4.339546312706491,139.5924776733915,64
27,0.125,PR-en,8,54.1006656982936,292.9798451885581,1.2098805035242366,7.396121849434239,64
27,0.125,PR-2n,8,53.86143874004483,284.77224827185273,1.204530550266421,7.188925389049993,64
27,0.125,FOLD-mean,8,133.855387811549,1358.4953166246414,2.993475623904882,34.29449861022041,64
27,0.125,OPT-joint,8,60.077926971483976,69.01732921600342,1.3435530154159268,1.7423061175950618,64
27,0.125,OPT-layer,8,71.59653622913174,101.49387690424919,1.6011494902219914,2.5621594552764906,64
27,0.125,OPT,16,48.90523700625636,50.00003199093044,1.093692508407856,1.2622244674971717,64
27,0.125,OPT-unw,16,153.7270109737292,124.82345646433532,3.437874766262585,3.1511024012030866,64
27,0.125,PR-hi,16,188.66039320640266,5299.427521646023,4.2191076316985585,133.78125603525302,64
27,0.125,PR-en,16,49.20529227517545,138.94084246456623,1.1004027958906288,3.507488373712579,64
27,0.125,PR-2n,16,49.29271363792941,136.78297333791852,1.1023578439666983,3.4530141043800007,64
27,0.125,FOLD-mean,16,129.6460833698511,1221.6306430399418,2.899340823312791,30.839422026150263,64
27,0.125,OPT-joint,16,48.93639129586518,50.319884618744254,1.094389227516805,1.2702989785873466,64
27,0.125,OPT-layer,16,54.87856026389636,58.77067977562547,1.2272769524694098,1.4836348504275272,64
27,0.125,OPT,32,45.240855935262516,41.126890098676085,1.0117441042975799,1.038226674815576,64
27,0.125,OPT-unw,32,91.13456122484058,104.49737346358597,2.038088208342477,2.6379811436691325,64
27,0.125,PR-hi,32,136.29327433370054,2816.777130097151,3.0479953111376528,71.10805476564508,64
27,0.125,PR-en,32,46.81951804854907,81.6359925288707,1.0470485222352324,2.0608576253920794,64
27,0.125,PR-2n,32,46.815926579292864,80.96000567823648,1.0469682043948507,2.0437926934590034,64
27,0.125,FOLD-mean,32,118.24281557835639,1003.7586127519608,2.6443237879525308,25.33935739693847,64
27,0.125,OPT-joint,32,45.21016781195067,41.16820329800248,1.011057810300907,1.0392696047686971,64
27,0.125,OPT-layer,32,45.23840650659986,41.43196053802967,1.0116893264876312,1.0459280173453578,64
28,0.25,EXACT,64,30.56155506731011,21.47155814152211,1.0,1.0,64
28,0.25,NOPE,1,184.4330347944051,5147.6839426755905,6.03480530974951,239.7443123943996,64
28,0.25,OPT,4,74.50710613885894,91.93936846125871,2.4379356997626993,4.281914142200263,64
28,0.25,OPT-unw,4,230.22610030462965,182.94340986199677,7.533193248758762,8.520267074060978,64
28,0.25,PR-hi,4,183.9412425905466,5128.729504406452,6.018713451767305,238.86154281874948,64
28,0.25,PR-en,4,65.45610100682825,819.236889783293,2.141779135998311,38.15451512105388,64
28,0.25,PR-2n,4,65.46962521225214,819.7265964783728,2.1422216594691914,38.17732234779785,64
28,0.25,FOLD-mean,4,143.05817448999733,1424.1270133778453,4.680984792001576,66.32620716164242,64
28,0.25,OPT-joint,4,72.63465683348477,91.83230916503817,2.376667570531376,4.276928044055223,64
28,0.25,OPT-layer,4,70.31265127053484,121.86308170761913,2.300689579299063,5.675558378409342,64
28,0.25,OPT,8,46.03424826776609,54.74847760796547,1.506279643374764,2.549813909503466,64
28,0.25,OPT-unw,8,174.89303271425888,136.66471996717155,5.722648351141387,6.364918608439818,64
28,0.25,PR-hi,8,183.0737524535507,5106.047399699688,5.990328438796424,237.8051637447548,64
28,0.25,PR-en,8,47.978220554068685,302.79567332938313,1.5698880651982319,14.10217513482783,64
28,0.25,PR-2n,8,47.79857279593125,299.2549734301865,1.564009838198926,13.937273273683921,64
28,0.25,FOLD-mean,8,134.72011278755963,1281.0803535357118,4.40815634187613,59.66406094480559,64
28,0.25,OPT-joint,8,44.47182706440799,55.24396280571818,1.4551558965655147,2.572890259831044,64
28,0.25,OPT-layer,8,47.73045199527405,81.53578239493072,1.561780867830528,3.7973854462501846,64
28,0.25,OPT,16,33.75796659430489,33.97922969982028,1.1045892959293093,1.582522771559396,64
28,0.25,OPT-unw,16,118.49406107608229,100.11252821981907,3.877226169123455,4.662564661584552,64
28,0.25,PR-hi,16,176.54670056514442,4863.87232875824,5.776757765640859,226.52628638777688,64
28,0.25,PR-en,16,41.234164440538734,155.16516323015094,1.3492168297628442,7.226544166354167,64
28,0.25,PR-2n,16,40.94665534514934,149.45892296731472,1.3398092883351855,6.960786077200806,64
28,0.25,FOLD-mean,16,126.01562908105552,1123.1270332857966,4.123338253027804,52.30766327637267,64
28,0.25,OPT-joint,16,33.69666189909913,34.137763265520334,1.1025833543117856,1.5899061931376128,64
28,0.25,OPT-layer,16,38.75629006163217,42.60638447338715,1.2681386786854798,1.9843173090915145,64
28,0.25,OPT,32,30.968254249775782,23.47898565372452,1.0133075421577842,1.0934924004569753,64
28,0.25,OPT-unw,32,69.89100952399895,78.14792030118406,2.286893103772629,3.639601736683474,64
28,0.25,PR-hi,32,126.01092934794724,2704.988497287035,4.1231844737748204,125.98007463911418,64
28,0.25,PR-en,32,35.58790447190404,79.21908458787948,1.164466415191363,3.689489326565644,64
28,0.25,PR-2n,32,35.50290275341831,78.64143200498074,1.161685086875493,3.662586175006202,64
28,0.25,FOLD-mean,32,115.19486910756677,967.178916990757,3.76927380998305,45.04465445013084,64
28,0.25,OPT-joint,32,30.94850101135671,23.531686331611127,1.0126611994446741,1.0959468417014926,64
28,0.25,OPT-layer,32,31.027684188913554,23.804498632904142,1.0152521401668475,1.108652594097051,64
28,0.125,EXACT,64,48.41137535031885,39.04623714834452,1.0,1.0,64
28,0.125,NOPE,1,199.38764081150293,5138.167317509651,4.118611367032557,131.59186883972248,64
28,0.125,OPT,4,96.6192083330825,103.04073296766728,1.9957955673417185,2.6389414318259345,64
28,0.125,OPT-unw,4,251.12314606830478,194.30316921509802,5.18727559899103,4.976232881977876,64
28,0.125,PR-hi,4,198.91181971505284,5119.7472687363625,4.108782662662831,131.12011918806445,64
28,0.125,PR-en,4,78.43986973864958,815.9684147797525,1.6202776552212321,20.89749165021265,64
28,0.125,PR-2n,4,78.47450758283958,816.4123310856521,1.6209931449989827,20.908860640884225,64
28,0.125,FOLD-mean,4,160.2336879838258,1418.3334156535566,3.309835484415141,36.32445836624468,64
28,0.125,OPT-joint,4,94.72473679855466,102.99331084918231,1.9566627907821004,2.6377269199562043,64
28,0.125,OPT-layer,4,94.22364051640034,133.40028018318117,1.9463119945378655,3.4164695480480396,64
28,0.125,OPT,8,65.76152003044263,67.69389806874096,1.3583898320296224,1.733685574145294,64
28,0.125,OPT-unw,8,196.56255189375952,149.78115371242166,4.060255476556398,3.8359945708308048,64
28,0.125,PR-hi,8,198.17621454782784,5098.293604493141,4.093587780015892,130.5706766345678,64
28,0.125,PR-en,8,62.84108428051695,303.51845509931445,1.2980644285724279,7.773308704400548,64
28,0.125,PR-2n,8,62.70627732668072,299.9817026630044,1.2952798153929688,7.682730131544136,64
28,0.125,FOLD-mean,8,151.7351799532771,1275.4345734380186,3.134287734138455,32.66472435211582,64
28,0.125,OPT-joint,8,64.01630763988942,68.30606796592474,1.3223401974566664,1.7493636507511912,64
28,0.125,OPT-layer,8,68.82777889072895,94.7057533795014,1.4217274017247195,2.425477082969485,64
28,0.125,OPT,16,51.987615953199565,49.14381517842412,1.0738719066955233,1.2586056626075612,64
28,0.125,OPT-unw,16,141.21096989698708,115.04742239974439,2.9168964706154963,2.946440702151556,64
28,0.125,PR-hi,16,191.84570519439876,4859.070497334003,3.962822865620884,124.44401438411123,64
28,0.125,PR-en,16,57.170720564667135,158.7314492315054,1.1809356819748067,4.065217568301208,64
28,0.125,PR-2n,16,56.97576320916414,153.16067711636424,1.1769085839200164,3.9225464040100966,64
28,0.125,FOLD-mean,16,142.8054378842935,1117.801533125341,2.949832283237393,28.62763776387947,64
28,0.125,OPT-joint,16,51.87716322345659,49.30860339663923,1.071590361729207,1.262825998041909,64
28,0.125,OPT-layer,16,58.187656353227794,57.7132208570838,1.201941814959086,1.478073818939829,64
28,0.125,OPT,32,48.88092449796386,40.53285698033869,1.009699149099715,1.0380733187258533,64
28,0.125,OPT-unw,32,92.06513848016039,94.45460901595652,1.9017253241402492,2.4190451094456153,64
28,0.125,PR-hi,32,144.5622620433569,2710.4014173448086,2.986121774009975,69.41517583493251,64
28,0.125,PR-en,32,52.041954909451306,88.268215989694,1.0749943485980418,2.2606074857955014,64
28,0.125,PR-2n,32,52.030905259307474,87.70048959925771,1.0747661036852734,2.2460676368395216,64
28,0.125,FOLD-mean,32,132.07409046776593,962.9731213785708,2.728162327800837,24.662379571174604,64
28,0.125,OPT-joint,32,48.8464768177364,40.578982909210026,1.0089875874062455,1.0392546343209026,64
28,0.125,OPT-layer,32,48.91775385825895,40.788136658258736,1.0104599074964469,1.0446112003903576,64
29,0.25,EXACT,64,17.786964333732612,15.77343117352575,1.0,1.0,64
29,0.25,NOPE,1,194.25812401622534,4437.039772450924,10.92137592291782,281.2983252431523,64
29,0.25,OPT,4,50.282815797720104,68.33332880306989,2.8269475810641715,4.332179096058763,64
29,0.25,OPT-unw,4,181.78425765875727,140.1046596635133,10.220083328890876,8.882319776984607,64
29,0.25,PR-hi,4,193.34443156421185,4410.393856436014,10.870007266925144,279.6090341991319,64
29,0.25,PR-en,4,63.967085159849375,663.9132903143764,3.596290179687217,42.09060685722543,64
29,0.25,PR-2n,4,63.92328281281516,663.5435900017619,3.5938275702046565,42.067168690313785,64
29,0.25,FOLD-mean,4,139.78370963782072,1107.6942438222468,7.858772695277956,70.22531950317882,64
29,0.25,OPT-joint,4,51.81142568262294,70.18956468068063,2.912887478183314,4.449860268733879,64
29,0.25,OPT-layer,4,82.0479100686498,100.16005272045732,4.612811299848824,6.349921689110149,64
29,0.25,OPT,8,27.834176178555936,42.888508287258446,1.5648637764325526,2.7190348006997267,64
29,0.25,OPT-unw,8,137.77317385701463,100.1562990937382,7.745738467340975,6.349683717632807,64
29,0.25,PR-hi,8,192.4160958752036,4391.1323364675045,10.81781535426427,278.38789722794206,64
29,0.25,PR-en,8,43.965797387296334,302.00346798449755,2.4717988163902764,19.14633947820957,64
29,0.25,PR-2n,8,43.340995009755716,297.0653509646654,2.4366718343028557,18.833273984373307,64
29,0.25,FOLD-mean,8,136.44564214535058,983.1128647960722,7.671103375778643,62.32714074577106,64
29,0.25,OPT-joint,8,27.9386289420072,43.28274475503713,1.570736209833297,2.7440285045705988,64
29,0.25,OPT-layer,8,30.431106885895133,61.72128343768418,1.7108656831443219,3.9129903163541018,64
29,0.25,OPT,16,20.697830115444958,25.999490247573704,1.1636516342584635,1.6483091067219064,64
29,0.25,OPT-unw,16,83.32917177700438,74.51572903152555,4.684845047953029,4.724129342041529,64
29,0.25,PR-hi,16,186.04543750546873,4238.968263119459,10.459650900217829,268.74103779234645,64
29,0.25,PR-en,16,34.59689824283123,162.5516611058265,1.9450704231311087,10.305409096953772,64
29,0.25,PR-2n,16,34.294001918286085,156.97534247674048,1.928041304566413,9.95188305891296,64
29,0.25,FOLD-mean,16,131.6554706171155,967.3817591406405,7.401795390539666,61.32982408826189,64
29,0.25,OPT-joint,16,20.7445946453372,26.136405046563596,1.1662807804699706,1.6569891965187094,64
29,0.25,OPT-layer,16,22.632831636699848,31.849401383660734,1.2724392545037686,2.01918029332242,64
29,0.25,OPT,32,18.14478821272496,17.11719587352127,1.0201171977566594,1.0851916545748717,64
29,0.25,OPT-unw,32,48.63878724002279,58.97161802276969,2.7345187367234067,3.738667723846167,64
29,0.25,PR-hi,32,120.22774100862443,2578.7605280578136,6.759317596461077,163.48760771759194,64
29,0.25,PR-en,32,24.882283294107765,71.64380581956357,1.3989055595574016,4.542055880638772,64
29,0.25,PR-2n,32,24.753709437092766,70.41245089005679,1.3916770154054823,4.4639907522617905,64
29,0.25,FOLD-mean,32,121.39617802016437,767.2454933412373,6.82500823313279,48.64163572913597,64
29,0.25,OPT-joint,32,18.114200304145925,17.144497832283378,1.0183975165336514,1.0869225372510476,64
29,0.25,OPT-layer,32,18.190661411732435,17.30009883781895,1.022696232500687,1.0967872904441724,64
29,0.125,EXACT,64,31.143922065617517,29.6940053938888,1.0,1.0,64
29,0.125,NOPE,1,200.90015194937587,4430.688258111477,6.450701730054964,149.21153947871707,64
29,0.125,OPT,4,67.56554670864716,77.99633894022554,2.1694617192495045,2.62666952152833,64
29,0.125,OPT-unw,4,199.0575393391773,149.7364011015743,6.391537293208624,5.042647467572392,64
29,0.125,PR-hi,4,200.04803724959493,4404.582799732685,6.4233411844568336,148.33239036991532,64
29,0.125,PR-en,4,71.28166353609413,661.868646517396,2.288782491360912,22.289638522582486,64
29,0.125,PR-2n,4,71.30011461582035,661.5403000712395,2.2893749369651406,22.278580854820895,64
29,0.125,FOLD-mean,4,152.582358145155,1105.4580095112324,4.899265989160818,37.228322513160926,64
29,0.125,OPT-joint,4,69.22983762528747,79.86531819682568,2.2229004259459124,2.6896108200095643,64
29,0.125,OPT-layer,4,102.4138896400109,110.13783032260835,3.2884069457993697,3.7090930934253605,64
29,0.125,OPT,8,42.735573375131935,53.72861991543323,1.372196259838174,1.809409650288906,64
29,0.125,OPT-unw,8,154.63435190124437,111.039521176368,4.965153443918956,3.739459183880278,64
29,0.125,PR-hi,8,199.21235334314406,4386.150711297989,6.3965082150995975,147.71165604356912,64
29,0.125,PR-en,8,53.70152152562514,302.59923162311316,1.7243018208329939,10.190583170210841,64
29,0.125,PR-2n,8,53.111911638174206,297.7033193446696,1.7053700406221175,10.025704360043616,64
29,0.125,FOLD-mean,8,148.9316882258281,980.9161211401224,4.782046651415389,33.034146391783196,64
29,0.125,OPT-joint,8,42.84834869438782,54.16384289506823,1.3758173618630982,1.8240665810014118,64
29,0.125,OPT-layer,8,45.9809709796682,72.69542228709906,1.476402711347348,2.4481514474992383,64
29,0.125,OPT,16,34.46618766896427,38.31529922410846,1.106674605605133,1.290337854925896,64
29,0.125,OPT-unw,16,99.02149289380759,86.5487624462694,3.1794804997642228,2.914688042189203,64
29,0.125,PR-hi,16,193.10013706237078,4235.768286794424,6.2002511005365895,142.64725255509552,64
29,0.125,PR-en,16,45.584304492454976,165.41389741934836,1.4636661495752794,5.570615860849527,64
29,0.125,PR-2n,16,45.38651511259377,159.96501438133419,1.4573153316068657,5.387114747889684,64
29,0.125,FOLD-mean,16,144.3765072459355,965.7812032550573,4.6357843736491136,32.52445032066374,64
29,0.125,OPT-joint,16,34.51747779175639,38.462628413923085,1.1083214798390224,1.2952994351458869,64
29,0.125,OPT-layer,16,36.89643189776689,44.13035688921809,1.184707302440243,1.4861705689021116,64
29,0.125,OPT,32,31.54536332655698,30.707310101483017,1.0128898749519621,1.0341248913426397,64
29,0.125,OPT-unw,32,62.94118353864178,71.83265039231628,2.0209780709709655,2.4190960242466937,64
29,0.125,PR-hi,32,131.33251882717013,2582.406138777733,4.2169550305983945,86.96725499043679,64
29,0.125,PR-en,32,36.693746585864574,78.9123976957053,1.1781992810203565,2.6575194773806405,64
29,0.125,PR-2n,32,36.63645026832819,77.64510473422706,1.1763595539167608,2.6148410665476227,64
29,0.125,FOLD-mean,32,134.050730031915,765.9003798738122,4.3042340572738995,25.793097620688076,64
29,0.125,OPT-joint,32,31.495832006447017,30.731206111609936,1.0112994741024608,1.0349296332361615,64
29,0.125,OPT-layer,32,31.600403437390924,30.859770094044507,1.0146571575285745,1.0392592607393958,64
30,0.25,EXACT,64,21.012516927090473,19.494411155115813,1.0,1.0,64
30,0.25,NOPE,1,175.33860852196813,5307.124989926815,8.344483867894574,272.2382814078534,64
30,0.25,OPT,4,69.04052187828347,87.05665881093591,3.2856854853629027,4.465723951251029,64
30,0.25,OPT-unw,4,253.12305364618078,169.35009837150574,12.046298619269205,8.687110219641802,64
30,0.25,PR-hi,4,173.99106523767114,5252.611841797829,8.280353364682002,269.441933895983,64
30,0.25,PR-en,4,55.43266583746299,671.2045109122992,2.63807834300879,34.430612218628546,64
30,0.25,PR-2n,4,55.384114948567,670.7122935950756,2.635767773120164,34.4053630683307,64
30,0.25,FOLD-mean,4,115.67507358826697,1186.7184093892574,5.505055581377422,60.87480149806081,64
30,0.25,OPT-joint,4,65.40124556282535,89.35702852346003,3.1124898454457175,4.583725448922347,64
30,0.25,OPT-layer,4,64.00074838241562,118.48795500025153,3.045839230230549,6.078047398172239,64
30,0.25,OPT,8,37.272053798660636,52.87136237602681,1.773802440135455,2.7121292331085396,64
30,0.25,OPT-unw,8,196.90473321964964,134.5420685391873,9.37083043896514,6.901571300032838,64
30,0.25,PR-hi,8,172.98583211749792,5222.491131842136,8.232513635454838,267.896839267783,64
30,0.25,PR-en,8,37.851797595154494,289.58705934509635,1.8013928424897023,14.854875945770825,64
30,0.25,PR-2n,8,37.513831994263455,273.9160985611379,1.7853088292292387,14.051006536263374,64
30,0.25,FOLD-mean,8,112.62287546228617,1068.5573533177376,5.35979939257475,54.813522953593896,64
30,0.25,OPT-joint,8,35.471278701676056,53.52413156069815,1.688102326092338,2.7456141729447467,64
30,0.25,OPT-layer,8,40.11917229113169,82.09431127272546,1.9092987494233917,4.211171633731645,64
30,0.25,OPT,16,24.758573062485084,32.65466841775924,1.1782773643154092,1.6750784703332704,64
30,0.25,OPT-unw,16,102.80175993428566,101.12442041374743,4.892405811782979,5.1873544478520905,64
30,0.25,PR-hi,16,166.53128020837903,4971.079236209393,7.925337111504138,255.000225277636,64
30,0.25,PR-en,16,30.71000964171253,143.384174477309,1.461510286857617,7.3551426271052796,64
30,0.25,PR-2n,16,30.259672300424427,137.79979813843966,1.440078425893474,7.068682251645113,64
30,0.25,FOLD-mean,16,112.3575533926487,1066.8284727185965,5.347172534471168,54.724836991992674,64
30,0.25,OPT-joint,16,24.677086848882027,33.13989004306495,1.1743993798794752,1.6999687643485568,64
30,0.25,OPT-layer,16,30.669771541142836,42.26871562656015,1.4595953282303704,2.1682478783396237,64
30,0.25,OPT,32,21.450928560108878,21.521904135588557,1.0208643083805529,1.1040038072625076,64
30,0.25,OPT-unw,32,51.815703961765394,76.9941832581535,2.465944662486472,3.949551625105041,64
30,0.25,PR-hi,32,112.8557050190866,2905.6083565950394,5.370879909849682,149.04827509152724,64
30,0.25,PR-en,32,25.877380288788117,74.78161745518446,1.231522162650853,3.8360541829220587,64
30,0.25,PR-2n,32,25.927217271877453,73.98939906433225,1.2338939386385779,3.795415951556742,64
30,0.25,FOLD-mean,32,105.01555483415723,930.2850953489542,4.997761819706876,47.72060504658149,64
30,0.25,OPT-joint,32,21.45729163044598,21.563854624982923,1.0211671312341493,1.1061557311683168,64
30,0.25,OPT-layer,32,21.629733747569844,21.875354587566108,1.0293737691025306,1.1221346679058566,64
30,0.125,EXACT,64,37.2843504617922,35.35080545488745,1.0,1.0,64
30,0.125,NOPE,1,187.14643192104995,5304.434379041195,5.019436562609065,150.05130182423684,64
30,0.125,OPT,4,89.64820618601516,97.33285082876682,2.404445969305104,2.7533418143181234,64
30,0.125,OPT-unw,4,273.17463108571246,179.7832416780293,7.326790669604208,5.085690109874802,64
30,0.125,PR-hi,4,185.82910509966314,5250.669927597046,4.984104665846192,148.53041847370724,64
30,0.125,PR-en,4,66.07622698741034,670.0967260822654,1.772224168290745,18.955628237025664,64
30,0.125,PR-2n,4,66.03966595279053,669.63690174371,1.7712435682758063,18.94262077276457,64
30,0.125,FOLD-mean,4,130.24559062253684,1182.926573485136,3.4933045368728717,33.46250695743595,64
30,0.125,OPT-joint,4,85.98741384828463,99.66841494478285,2.3062602079229397,2.819410015196786,64
30,0.125,OPT-layer,4,86.25108740618452,129.19567140378058,2.3133321712167643,3.65467405173136,64
30,0.125,OPT,8,55.53603883180767,64.60683565959334,1.4895267892280761,1.8275916157565537,64
30,0.125,OPT-unw,8,217.3997041550465,146.4958743043244,5.830856685510203,4.144060437074723,64
30,0.125,PR-hi,8,184.8339667264372,5221.667998611927,4.957414154655828,147.71001484748354,64
30,0.125,PR-en,8,50.68115459335968,290.76142719760537,1.3593144031111952,8.225029768237034,64
30,0.125,PR-2n,8,50.30617117509246,275.0358489640057,1.349257008691746,7.780186205799179,64
30,0.125,FOLD-mean,8,127.16086785215884,1064.656263768673,3.4105694822944335,30.116888429241666,64
30,0.125,OPT-joint,8,53.567434983793646,65.3552431203425,1.4367270535847962,1.8487624901148259,64
30,0.125,OPT-layer,8,59.68225461174734,94.00523368269205,1.6007320463556898,2.659210517923158,64
30,0.125,OPT,16,41.565092936041765,46.3420498566702,1.1148133847372863,1.3109192070831062,64
30,0.125,OPT-unw,16,121.94758124020882,114.52646468393505,3.2707444203748905,3.2397130195544417,64
30,0.125,PR-hi,16,178.60699341073632,4972.578993856907,4.79040109854581,140.66381033955818,64
30,0.125,PR-en,16,45.083594208816066,146.76314845308661,1.209182771066812,4.151621061092281,64
30,0.125,PR-2n,16,44.774204686516896,141.21637745946646,1.2008846642614857,3.9947145656887004,64
30,0.125,FOLD-mean,16,126.93018959183246,1062.9324816167355,3.404382482723051,30.068126254525808,64
30,0.125,OPT-joint,16,41.45049125421792,46.83161581121385,1.1117396639830175,1.3247679991613632,64
30,0.125,OPT-layer,16,48.75262711686082,55.941039787605405,1.3075895519977192,1.5824544608748436,64
30,0.125,OPT,32,37.77544329571538,36.91797435376793,1.013171553958716,1.0443319148945676,64
30,0.125,OPT-unw,32,69.23860491020605,91.54645230062306,1.8570420042896962,2.5896567595170943,64
30,0.125,PR-hi,32,127.92949011176825,2913.721950471401,3.4311846264524912,82.4230710723046,64
30,0.125,PR-en,32,41.003619469935074,82.75419772975147,1.099754158569941,2.340942353784763,64
30,0.125,PR-2n,32,41.06980498880148,81.98418872244656,1.101529314045272,2.3191604170680016,64
30,0.125,FOLD-mean,32,119.9281449150294,926.8652560040355,3.216581311720259,26.219070374134603,64
30,0.125,OPT-joint,32,37.786000875756145,36.95880464185029,1.0134547178038684,1.0454869179434927,64
30,0.125,OPT-layer,32,38.00632059422787,37.21456082910299,1.0193638919142638,1.0527217230338346,64
31,0.25,EXACT,64,19.178081662743352,10.189904110739008,1.0,1.0,64
31,0.25,NOPE,1,324.8625328615308,4613.855287283659,16.93926110934395,452.78691900752796,64
31,0.25,OPT,4,55.769333600997925,75.36783331586048,2.9079724751271256,7.39632409655664,64
31,0.25,OPT-unw,4,604.4176620617509,136.96462400257587,31.51606467689278,13.441208328764413,64
31,0.25,PR-hi,4,321.5386953577399,4576.498376905918,16.76594672043674,449.12084816213394,64
31,0.25,PR-en,4,141.10276693850756,944.3652772530913,7.357501621897012,92.6765617213058,64
31,0.25,PR-2n,4,141.10276693850756,944.3652772530913,7.357501621897012,92.6765617213058,64
31,0.25,FOLD-mean,4,303.7633572332561,1579.2134330049157,15.839089778377964,154.97824276291306,64
31,0.25,OPT-joint,4,56.055545745417476,76.13566695060581,2.9228963944978292,7.4716764871582475,64
31,0.25,OPT-layer,4,80.6255898703821,92.4218386085704,4.204048730640816,9.069941935093208,64
31,0.25,OPT,8,32.022403861396015,42.12335045449436,1.6697396759762952,4.133831878761362,64
31,0.25,OPT-unw,8,381.21028917841613,120.17469046637416,19.877394198345772,11.793505528646104,64
31,0.25,PR-hi,8,318.92941550910473,4544.899424016476,16.629891410290465,446.01984225019993,64
31,0.25,PR-en,8,93.28802002873272,512.9399414435029,4.864304035682587,50.33805380984127,64
31,0.25,PR-2n,8,91.75864198151976,483.93601743131876,4.784557892449501,47.491714561013865,64
31,0.25,FOLD-mean,8,280.74012960493565,1428.250306725502,14.638592876070632,140.16327251011984,64
31,0.25,OPT-joint,8,31.73342543374747,43.03914968390018,1.6546715146903865,4.223705072802577,64
31,0.25,OPT-layer,8,39.77066495688632,54.21528543997556,2.0737561585290107,5.320490247090625,64
31,0.25,OPT,16,23.279659610474482,22.068922732956707,1.2138679988884986,2.1657635335055367,64
31,0.25,OPT-unw,16,158.42492439039052,88.53845955058932,8.260728428232609,8.688841287258022,64
31,0.25,PR-hi,16,301.58785442635417,4329.911242365837,15.725652843174574,424.9216867313403,64
31,0.25,PR-en,16,58.37277720775455,233.5948806963861,3.0437234669384834,22.92414905555426,64
31,0.25,PR-2n,16,56.121017191559076,220.87119637057185,2.9263102628551003,21.675493112619044,64
31,0.25,FOLD-mean,16,220.3228663597256,1081.785635970533,11.488264062809776,106.16249419172189,64
31,0.25,OPT-joint,16,22.88238325389102,22.180343454238027,1.1931528740094948,2.1766979564471516,64
31,0.25,OPT-layer,16,25.098075311630964,26.346839191392064,1.308685391635817,2.5855826419039087,64
31,0.25,OPT,32,19.687783286790363,11.78561441344209,1.0265772997013143,1.1565971853475425,64
31,0.25,OPT-unw,32,79.01634337101132,71.22758255153894,4.120138018001761,6.9900149969491,64
31,0.25,PR-hi,32,180.92888422124088,2702.897681683302,9.434149223210664,265.25251389115164,64
31,0.25,PR-en,32,33.826503788586706,78.82950231526047,1.7638106033462344,7.736039658330355,64
31,0.25,PR-2n,32,33.44420657074079,76.53622795362025,1.7438765335800912,7.510986082092737,64
31,0.25,FOLD-mean,32,147.0723429787904,692.5887238793075,7.66877238115547,67.96812966565575,64
31,0.25,OPT-joint,32,19.653808436123654,11.822440994670615,1.0248057538676811,1.1602112116257401,64
31,0.25,OPT-layer,32,19.889210048364475,12.26520822267048,1.0370802668445516,1.2036627714429948,64
31,0.125,EXACT,64,37.40958897233941,19.74628535611555,1.0,1.0,64
31,0.125,NOPE,1,329.9512518122792,4610.013971418142,8.819964636773868,233.4623392845071,64
31,0.125,OPT,4,77.7890751529485,82.09405480697751,2.079388661833885,4.157442948202532,64
31,0.125,OPT-unw,4,631.5878136493266,143.675367673859,16.883046058493765,7.276070667608469,64
31,0.125,PR-hi,4,326.6957910358906,4572.994491279125,8.732942542551028,231.58758261653702,64
31,0.125,PR-en,4,149.12091794610023,943.1889970377088,3.9861683071781413,47.76538878212844,64
31,0.125,PR-2n,4,149.12091794610023,943.1889970377088,3.9861683071781413,47.76538878212844,64
31,0.125,FOLD-mean,4,321.8786839991808,1577.332131870091,8.604175903594594,79.87994214727486,64
31,0.125,OPT-joint,4,78.03058832138777,82.85832603089511,2.0858445779525527,4.1961475050411625,64
31,0.125,OPT-layer,4,104.87008411530405,99.21809532213956,2.8032942086812245,5.024646080656942,64
31,0.125,OPT,8,51.882598005700856,49.622408400289714,1.3868796592248787,2.5129996607144816,64
31,0.125,OPT-unw,8,406.6092565860599,127.60219649877399,10.869118526982646,6.462086118858542,64
31,0.125,PR-hi,8,324.0564677193761,4541.914811193943,8.662390489213418,230.0136318949368,64
31,0.125,PR-en,8,104.58439173270017,513.1997274160385,2.7956573329375445,25.98968454880033,64
31,0.125,PR-2n,8,103.17292554210871,484.23637349903584,2.757927268818554,24.522909740543415,64
31,0.125,FOLD-mean,8,299.13530902191997,1426.8411420807242,7.996220146740991,72.25871177025316,64
31,0.125,OPT-joint,8,51.53950228495523,50.54143619351089,1.3777083282861906,2.5595414672693306,64
31,0.125,OPT-layer,8,61.05572392093018,61.81783049367368,1.6320875368632006,3.130605548274846,64
31,0.125,OPT,16,41.98215872468427,30.468476723413914,1.1222298848491976,1.5429978942331872,64
31,0.125,OPT-unw,16,180.93608948308975,96.71910570561886,4.836623295082809,4.898091157973889,64
31,0.125,PR-hi,16,307.1133229807019,4327.885180056095,8.20948135002983,219.17464991539393,64
31,0.125,PR-en,16,72.26618367619812,235.65231281891465,1.9317556183157112,11.93400726106349,64
31,0.125,PR-2n,16,70.36364874150604,223.02899874188006,1.880898739452412,11.29473188094117,64
31,0.125,FOLD-mean,16,238.97897825017571,1081.639653749764,6.388174390979714,54.77686735722035,64
31,0.125,OPT-joint,16,41.57001863559708,30.58989118086174,1.1112129210062662,1.5491466181707871,64
31,0.125,OPT-layer,16,44.38450544187799,34.79710616962984,1.1864472896159277,1.7622102356002345,64
31,0.125,OPT,32,37.96333487913944,21.084652077872306,1.0148022451465444,1.0677781515672393,64
31,0.125,OPT-unw,32,98.697135345079,80.04417225718498,2.63828440932766,4.0536319015766065,64
31,0.125,PR-hi,32,190.8067901264876,2705.222860097885,5.100478122536173,136.99907660151686,64
31,0.125,PR-en,32,49.913953627925366,83.95877048466355,1.3342556012799731,4.251876693287073,64
31,0.125,PR-2n,32,49.822918268851936,81.67311948537827,1.331822124688163,4.136125757955968,64
31,0.125,FOLD-mean,32,165.62865223921835,694.3443045280874,4.427438439959443,35.16328727180297,64
31,0.125,OPT-joint,32,37.9145591664128,21.12198982294649,1.013498415992936,1.0696690259469421,64
31,0.125,OPT-layer,32,38.170147330034524,21.52219097223133,1.020330572417074,1.0899361871910642,64
